"filename", "language", "Python", "HTML", "JavaScript", "PostCSS", "XML", "Markdown", "pip requirements", "comment", "blank", "total"
"d:\repo\Phoenix11\README.md", "Markdown", 0, 0, 0, 0, 0, 6, 0, 0, 7, 13
"d:\repo\Phoenix11\accounting\__init__.py", "Python", 0, 0, 0, 0, 0, 0, 0, 0, 1, 1
"d:\repo\Phoenix11\accounting\admin.py", "Python", 23, 0, 0, 0, 0, 0, 0, 1, 2, 26
"d:\repo\Phoenix11\accounting\apis.py", "Python", 658, 0, 0, 0, 0, 0, 0, 6, 75, 739
"d:\repo\Phoenix11\accounting\apps.py", "Python", 5, 0, 0, 0, 0, 0, 0, 0, 3, 8
"d:\repo\Phoenix11\accounting\constants.py", "Python", 7, 0, 0, 0, 0, 0, 0, 0, 0, 7
"d:\repo\Phoenix11\accounting\defaults.py", "Python", 254, 0, 0, 0, 0, 0, 0, 32, 61, 347
"d:\repo\Phoenix11\accounting\enums.py", "Python", 66, 0, 0, 0, 0, 0, 0, 1, 20, 87
"d:\repo\Phoenix11\accounting\forms.py", "Python", 198, 0, 0, 0, 0, 0, 0, 0, 85, 283
"d:\repo\Phoenix11\accounting\migrations\0001_initial.py", "Python", 303, 0, 0, 0, 0, 0, 0, 1, 7, 311
"d:\repo\Phoenix11\accounting\migrations\0002_asset_owner.py", "Python", 15, 0, 0, 0, 0, 0, 0, 1, 6, 22
"d:\repo\Phoenix11\accounting\migrations\0003_alter_invoiceline_unit_name_and_more.py", "Python", 17, 0, 0, 0, 0, 0, 0, 1, 6, 24
"d:\repo\Phoenix11\accounting\migrations\0004_alter_asset_options_alter_bank_options_and_more.py", "Python", 68, 0, 0, 0, 0, 0, 0, 1, 6, 75
"d:\repo\Phoenix11\accounting\migrations\0005_remove_invoice_shipping_fee_and_more.py", "Python", 21, 0, 0, 0, 0, 0, 0, 1, 6, 28
"d:\repo\Phoenix11\accounting\migrations\0006_alter_invoiceline_unit_name_and_more.py", "Python", 17, 0, 0, 0, 0, 0, 0, 1, 6, 24
"d:\repo\Phoenix11\accounting\migrations\__init__.py", "Python", 0, 0, 0, 0, 0, 0, 0, 0, 1, 1
"d:\repo\Phoenix11\accounting\models.py", "Python", 441, 0, 0, 0, 0, 0, 0, 310, 104, 855
"d:\repo\Phoenix11\accounting\repo.py", "Python", 2506, 0, 0, 0, 0, 0, 0, 20, 39, 2565
"d:\repo\Phoenix11\accounting\serializers.py", "Python", 99, 0, 0, 0, 0, 0, 0, 3, 41, 143
"d:\repo\Phoenix11\accounting\settings_on_local.py", "Python", 28, 0, 0, 0, 0, 0, 0, 1, 6, 35
"d:\repo\Phoenix11\accounting\templates\accounting\account.html", "HTML", 0, 49, 0, 0, 0, 0, 0, 0, 19, 68
"d:\repo\Phoenix11\accounting\templates\accounting\accounts.html", "HTML", 0, 11, 0, 0, 0, 0, 0, 0, 10, 21
"d:\repo\Phoenix11\accounting\templates\accounting\add-finanical-event.html", "HTML", 0, 12, 0, 0, 0, 0, 0, 0, 2, 14
"d:\repo\Phoenix11\accounting\templates\accounting\asset.html", "HTML", 0, 39, 0, 0, 0, 0, 0, 0, 25, 64
"d:\repo\Phoenix11\accounting\templates\accounting\assets.html", "HTML", 0, 21, 0, 0, 0, 0, 0, 0, 10, 31
"d:\repo\Phoenix11\accounting\templates\accounting\brand.html", "HTML", 0, 16, 0, 0, 0, 0, 0, 0, 2, 18
"d:\repo\Phoenix11\accounting\templates\accounting\brands.html", "HTML", 0, 21, 0, 0, 0, 0, 0, 0, 10, 31
"d:\repo\Phoenix11\accounting\templates\accounting\category.html", "HTML", 0, 31, 0, 0, 0, 0, 0, 0, 21, 52
"d:\repo\Phoenix11\accounting\templates\accounting\financial-document-line.html", "HTML", 0, 33, 0, 0, 0, 0, 0, 0, 6, 39
"d:\repo\Phoenix11\accounting\templates\accounting\financial-document.html", "HTML", 0, 44, 0, 0, 0, 0, 0, 0, 8, 52
"d:\repo\Phoenix11\accounting\templates\accounting\financial-documents.html", "HTML", 0, 21, 0, 0, 0, 0, 0, 0, 10, 31
"d:\repo\Phoenix11\accounting\templates\accounting\financial-event.html", "HTML", 0, 47, 0, 0, 0, 0, 0, 0, 3, 50
"d:\repo\Phoenix11\accounting\templates\accounting\financial-events.html", "HTML", 0, 22, 0, 0, 0, 0, 0, 0, 10, 32
"d:\repo\Phoenix11\accounting\templates\accounting\financial-year.html", "HTML", 0, 22, 0, 0, 0, 0, 0, 0, 7, 29
"d:\repo\Phoenix11\accounting\templates\accounting\financial-years.html", "HTML", 0, 11, 0, 0, 0, 0, 0, 0, 2, 13
"d:\repo\Phoenix11\accounting\templates\accounting\includes\account-app\card-full.html", "HTML", 0, 79, 0, 0, 0, 0, 0, 0, 6, 85
"d:\repo\Phoenix11\accounting\templates\accounting\includes\account-app\card.html", "HTML", 0, 31, 0, 0, 0, 0, 0, 0, 5, 36
"d:\repo\Phoenix11\accounting\templates\accounting\includes\account-app\media-simple.html", "HTML", 0, 36, 0, 0, 0, 0, 0, 5, 11, 52
"d:\repo\Phoenix11\accounting\templates\accounting\includes\account-app\media.html", "HTML", 0, 32, 0, 0, 0, 0, 0, 0, 9, 41
"d:\repo\Phoenix11\accounting\templates\accounting\includes\account-app\script.html", "HTML", 0, 44, 0, 0, 0, 0, 0, 0, 13, 57
"d:\repo\Phoenix11\accounting\templates\accounting\includes\account-app\select-script.html", "HTML", 0, 7, 0, 0, 0, 0, 0, 0, 0, 7
"d:\repo\Phoenix11\accounting\templates\accounting\includes\accounts-app\script.html", "HTML", 0, 17, 0, 0, 0, 0, 0, 0, 1, 18
"d:\repo\Phoenix11\accounting\templates\accounting\includes\accounts-app\template.html", "HTML", 0, 74, 0, 0, 0, 0, 0, 0, 10, 84
"d:\repo\Phoenix11\accounting\templates\accounting\includes\add-account-app\script.html", "HTML", 0, 47, 0, 0, 0, 0, 0, 0, 6, 53
"d:\repo\Phoenix11\accounting\templates\accounting\includes\add-account-app\template.html", "HTML", 0, 95, 0, 0, 0, 0, 0, 0, 22, 117
"d:\repo\Phoenix11\accounting\templates\accounting\includes\add-asset-app\script.html", "HTML", 0, 50, 0, 0, 0, 0, 0, 0, 5, 55
"d:\repo\Phoenix11\accounting\templates\accounting\includes\add-asset-app\template.html", "HTML", 0, 81, 0, 0, 0, 0, 0, 0, 5, 86
"d:\repo\Phoenix11\accounting\templates\accounting\includes\add-brand-app\script.html", "HTML", 0, 35, 0, 0, 0, 0, 0, 0, 4, 39
"d:\repo\Phoenix11\accounting\templates\accounting\includes\add-brand-app\template.html", "HTML", 0, 40, 0, 0, 0, 0, 0, 0, 8, 48
"d:\repo\Phoenix11\accounting\templates\accounting\includes\add-financial-document-app\script.html", "HTML", 0, 13, 0, 0, 0, 0, 0, 0, 2, 15
"d:\repo\Phoenix11\accounting\templates\accounting\includes\add-financial-document-app\template.html", "HTML", 0, 40, 0, 0, 0, 0, 0, 0, 1, 41
"d:\repo\Phoenix11\accounting\templates\accounting\includes\add-financial-document-line-app\script.html", "HTML", 0, 127, 0, 0, 0, 0, 0, 0, 22, 149
"d:\repo\Phoenix11\accounting\templates\accounting\includes\add-financial-document-line-app\template.html", "HTML", 0, 181, 0, 0, 0, 0, 0, 5, 21, 207
"d:\repo\Phoenix11\accounting\templates\accounting\includes\add-financial-event-app\script.html", "HTML", 0, 135, 0, 0, 0, 0, 0, 0, 23, 158
"d:\repo\Phoenix11\accounting\templates\accounting\includes\add-financial-event-app\template.html", "HTML", 0, 176, 0, 0, 0, 0, 0, 0, 50, 226
"d:\repo\Phoenix11\accounting\templates\accounting\includes\add-invoice-app\script.html", "HTML", 0, 93, 0, 0, 0, 0, 0, 0, 13, 106
"d:\repo\Phoenix11\accounting\templates\accounting\includes\add-invoice-app\template.html", "HTML", 0, 119, 0, 0, 0, 0, 0, 0, 23, 142
"d:\repo\Phoenix11\accounting\templates\accounting\includes\add-invoice-line-app\script.html", "HTML", 0, 132, 0, 0, 0, 0, 0, 0, 8, 140
"d:\repo\Phoenix11\accounting\templates\accounting\includes\add-invoice-line-app\template.html", "HTML", 0, 191, 0, 0, 0, 0, 0, 0, 33, 224
"d:\repo\Phoenix11\accounting\templates\accounting\includes\add-person-account-app\script.html", "HTML", 0, 58, 0, 0, 0, 0, 0, 0, 8, 66
"d:\repo\Phoenix11\accounting\templates\accounting\includes\add-person-account-app\template.html", "HTML", 0, 133, 0, 0, 0, 0, 0, 0, 11, 144
"d:\repo\Phoenix11\accounting\templates\accounting\includes\add-person-category-app\script.html", "HTML", 0, 55, 0, 0, 0, 0, 0, 0, 8, 63
"d:\repo\Phoenix11\accounting\templates\accounting\includes\add-person-category-app\template.html", "HTML", 0, 102, 0, 0, 0, 0, 0, 0, 12, 114
"d:\repo\Phoenix11\accounting\templates\accounting\includes\add-product-app\script.html", "HTML", 0, 49, 0, 0, 0, 0, 0, 0, 4, 53
"d:\repo\Phoenix11\accounting\templates\accounting\includes\add-product-app\template.html", "HTML", 0, 101, 0, 0, 0, 0, 0, 0, 13, 114
"d:\repo\Phoenix11\accounting\templates\accounting\includes\add-product-to-category-app\script.html", "HTML", 0, 59, 0, 0, 0, 0, 0, 0, 6, 65
"d:\repo\Phoenix11\accounting\templates\accounting\includes\add-product-to-category-app\template.html", "HTML", 0, 53, 0, 0, 0, 0, 0, 0, 14, 67
"d:\repo\Phoenix11\accounting\templates\accounting\includes\add-service-app\script.html", "HTML", 0, 41, 0, 0, 0, 0, 0, 0, 4, 45
"d:\repo\Phoenix11\accounting\templates\accounting\includes\add-service-app\template.html", "HTML", 0, 67, 0, 0, 0, 0, 0, 0, 9, 76
"d:\repo\Phoenix11\accounting\templates\accounting\includes\assets-app\script.html", "HTML", 0, 16, 0, 0, 0, 0, 0, 0, 2, 18
"d:\repo\Phoenix11\accounting\templates\accounting\includes\assets-app\template.html", "HTML", 0, 84, 0, 0, 0, 0, 0, 0, 41, 125
"d:\repo\Phoenix11\accounting\templates\accounting\includes\brand-app\card.html", "HTML", 0, 9, 0, 0, 0, 0, 0, 0, 2, 11
"d:\repo\Phoenix11\accounting\templates\accounting\includes\brand-app\script.html", "HTML", 0, 0, 0, 0, 0, 0, 0, 0, 1, 1
"d:\repo\Phoenix11\accounting\templates\accounting\includes\brands-app\script.html", "HTML", 0, 24, 0, 0, 0, 0, 0, 0, 3, 27
"d:\repo\Phoenix11\accounting\templates\accounting\includes\brands-app\template.html", "HTML", 0, 87, 0, 0, 0, 0, 0, 0, 4, 91
"d:\repo\Phoenix11\accounting\templates\accounting\includes\categories-app\list-script.html", "HTML", 0, 42, 0, 0, 0, 0, 0, 0, 7, 49
"d:\repo\Phoenix11\accounting\templates\accounting\includes\categories-app\list-template.html", "HTML", 0, 70, 0, 0, 0, 0, 0, 0, 22, 92
"d:\repo\Phoenix11\accounting\templates\accounting\includes\categories-app\script.html", "HTML", 0, 42, 0, 0, 0, 0, 0, 0, 7, 49
"d:\repo\Phoenix11\accounting\templates\accounting\includes\categories-app\template.html", "HTML", 0, 30, 0, 0, 0, 0, 0, 0, 11, 41
"d:\repo\Phoenix11\accounting\templates\accounting\includes\edit-financial-document-app\script.html", "HTML", 0, 39, 0, 0, 0, 0, 0, 0, 2, 41
"d:\repo\Phoenix11\accounting\templates\accounting\includes\edit-financial-document-app\template.html", "HTML", 0, 64, 0, 0, 0, 0, 0, 0, 8, 72
"d:\repo\Phoenix11\accounting\templates\accounting\includes\edit-financial-event-app\script.html", "HTML", 0, 53, 0, 0, 0, 0, 0, 0, 2, 55
"d:\repo\Phoenix11\accounting\templates\accounting\includes\edit-financial-event-app\template.html", "HTML", 0, 108, 0, 0, 0, 0, 0, 0, 13, 121
"d:\repo\Phoenix11\accounting\templates\accounting\includes\edit-invoice-app\script.html", "HTML", 0, 0, 0, 0, 0, 0, 0, 0, 1, 1
"d:\repo\Phoenix11\accounting\templates\accounting\includes\edit-invoice-app\template.html", "HTML", 0, 0, 0, 0, 0, 0, 0, 0, 1, 1
"d:\repo\Phoenix11\accounting\templates\accounting\includes\financial-document-app\card-content.html", "HTML", 0, 7, 0, 0, 0, 0, 0, 0, 1, 8
"d:\repo\Phoenix11\accounting\templates\accounting\includes\financial-document-app\script.html", "HTML", 0, 12, 0, 0, 0, 0, 0, 0, 5, 17
"d:\repo\Phoenix11\accounting\templates\accounting\includes\financial-document-app\select-script.html", "HTML", 0, 7, 0, 0, 0, 0, 0, 0, 0, 7
"d:\repo\Phoenix11\accounting\templates\accounting\includes\financial-document-line-app\script.html", "HTML", 0, 9, 0, 0, 0, 0, 0, 0, 0, 9
"d:\repo\Phoenix11\accounting\templates\accounting\includes\financial-document-lines-app\script.html", "HTML", 0, 41, 0, 0, 0, 0, 0, 0, 9, 50
"d:\repo\Phoenix11\accounting\templates\accounting\includes\financial-document-lines-app\template.html", "HTML", 0, 249, 0, 0, 0, 0, 0, 0, 29, 278
"d:\repo\Phoenix11\accounting\templates\accounting\includes\financial-documents-app\script.html", "HTML", 0, 19, 0, 0, 0, 0, 0, 0, 2, 21
"d:\repo\Phoenix11\accounting\templates\accounting\includes\financial-documents-app\template.html", "HTML", 0, 106, 0, 0, 0, 0, 0, 6, 48, 160
"d:\repo\Phoenix11\accounting\templates\accounting\includes\financial-event-app\card-contents.html", "HTML", 0, 36, 0, 0, 0, 0, 0, 0, 8, 44
"d:\repo\Phoenix11\accounting\templates\accounting\includes\financial-event-app\card.html", "HTML", 0, 11, 0, 0, 0, 0, 0, 0, 2, 13
"d:\repo\Phoenix11\accounting\templates\accounting\includes\financial-event-app\script.html", "HTML", 0, 14, 0, 0, 0, 0, 0, 0, 7, 21
"d:\repo\Phoenix11\accounting\templates\accounting\includes\financial-event-app\select-script.html", "HTML", 0, 7, 0, 0, 0, 0, 0, 0, 0, 7
"d:\repo\Phoenix11\accounting\templates\accounting\includes\financial-events-app\script.html", "HTML", 0, 19, 0, 0, 0, 0, 0, 0, 2, 21
"d:\repo\Phoenix11\accounting\templates\accounting\includes\financial-events-app\template.html", "HTML", 0, 142, 0, 0, 0, 0, 0, 6, 52, 200
"d:\repo\Phoenix11\accounting\templates\accounting\includes\financial-years-app\form.html", "HTML", 0, 63, 0, 0, 0, 0, 0, 0, 20, 83
"d:\repo\Phoenix11\accounting\templates\accounting\includes\financial-years-app\script.html", "HTML", 0, 50, 0, 0, 0, 0, 0, 0, 5, 55
"d:\repo\Phoenix11\accounting\templates\accounting\includes\financial-years-app\template.html", "HTML", 0, 104, 0, 0, 0, 0, 0, 6, 52, 162
"d:\repo\Phoenix11\accounting\templates\accounting\includes\import-from-excel\script.html", "HTML", 0, 52, 0, 0, 0, 0, 0, 0, 4, 56
"d:\repo\Phoenix11\accounting\templates\accounting\includes\import-from-excel\template.html", "HTML", 0, 55, 0, 0, 0, 0, 0, 0, 25, 80
"d:\repo\Phoenix11\accounting\templates\accounting\includes\import-products-from-excel-app\script.html", "HTML", 0, 49, 0, 0, 0, 0, 0, 0, 4, 53
"d:\repo\Phoenix11\accounting\templates\accounting\includes\import-products-from-excel-app\template.html", "HTML", 0, 68, 0, 0, 0, 0, 0, 0, 32, 100
"d:\repo\Phoenix11\accounting\templates\accounting\includes\import-services-from-excel-app\script.html", "HTML", 0, 49, 0, 0, 0, 0, 0, 0, 4, 53
"d:\repo\Phoenix11\accounting\templates\accounting\includes\import-services-from-excel-app\template.html", "HTML", 0, 68, 0, 0, 0, 0, 0, 0, 39, 107
"d:\repo\Phoenix11\accounting\templates\accounting\includes\invoice-app\card.html", "HTML", 0, 19, 0, 0, 0, 0, 0, 0, 5, 24
"d:\repo\Phoenix11\accounting\templates\accounting\includes\invoice-app\script.html", "HTML", 0, 8, 0, 0, 0, 0, 0, 0, 5, 13
"d:\repo\Phoenix11\accounting\templates\accounting\includes\invoice-line-item-app\card-contents.html", "HTML", 0, 6, 0, 0, 0, 0, 0, 0, 1, 7
"d:\repo\Phoenix11\accounting\templates\accounting\includes\invoice-line-item-app\card.html", "HTML", 0, 10, 0, 0, 0, 0, 0, 0, 4, 14
"d:\repo\Phoenix11\accounting\templates\accounting\includes\invoice-line-item-app\script.html", "HTML", 0, 5, 0, 0, 0, 0, 0, 0, 1, 6
"d:\repo\Phoenix11\accounting\templates\accounting\includes\invoice-line-item-units-app\script.html", "HTML", 0, 60, 0, 0, 0, 0, 0, 0, 3, 63
"d:\repo\Phoenix11\accounting\templates\accounting\includes\invoice-line-item-units-app\template.html", "HTML", 0, 209, 0, 0, 0, 0, 0, 6, 25, 240
"d:\repo\Phoenix11\accounting\templates\accounting\includes\invoice-lines-app\invoice-line-component-template.html", "HTML", 0, 27, 0, 0, 0, 0, 0, 0, 6, 33
"d:\repo\Phoenix11\accounting\templates\accounting\includes\invoice-lines-app\print-template.html", "HTML", 0, 193, 0, 0, 0, 0, 0, 21, 40, 254
"d:\repo\Phoenix11\accounting\templates\accounting\includes\invoice-lines-app\script.html", "HTML", 0, 77, 0, 0, 0, 0, 0, 0, 13, 90
"d:\repo\Phoenix11\accounting\templates\accounting\includes\invoice-lines-app\template.html", "HTML", 0, 286, 0, 0, 0, 0, 0, 11, 124, 421
"d:\repo\Phoenix11\accounting\templates\accounting\includes\invoices-app\script.html", "HTML", 0, 27, 0, 0, 0, 0, 0, 0, 4, 31
"d:\repo\Phoenix11\accounting\templates\accounting\includes\invoices-app\template.html", "HTML", 0, 130, 0, 0, 0, 0, 0, 0, 45, 175
"d:\repo\Phoenix11\accounting\templates\accounting\includes\navbar.html", "HTML", 0, 0, 0, 0, 0, 0, 0, 0, 1, 1
"d:\repo\Phoenix11\accounting\templates\accounting\includes\person-account-app\card.html", "HTML", 0, 114, 0, 0, 0, 0, 0, 0, 20, 134
"d:\repo\Phoenix11\accounting\templates\accounting\includes\person-account-app\category.html", "HTML", 0, 24, 0, 0, 0, 0, 0, 0, 3, 27
"d:\repo\Phoenix11\accounting\templates\accounting\includes\person-account-app\script.html", "HTML", 0, 1, 0, 0, 0, 0, 0, 0, 1, 2
"d:\repo\Phoenix11\accounting\templates\accounting\includes\person-accounts-app\script.html", "HTML", 0, 17, 0, 0, 0, 0, 0, 0, 1, 18
"d:\repo\Phoenix11\accounting\templates\accounting\includes\person-accounts-app\template.html", "HTML", 0, 82, 0, 0, 0, 0, 0, 0, 13, 95
"d:\repo\Phoenix11\accounting\templates\accounting\includes\person-categories-app\script.html", "HTML", 0, 27, 0, 0, 0, 0, 0, 0, 4, 31
"d:\repo\Phoenix11\accounting\templates\accounting\includes\person-categories-app\template.html", "HTML", 0, 94, 0, 0, 0, 0, 0, 0, 2, 96
"d:\repo\Phoenix11\accounting\templates\accounting\includes\product-app\card-contents.html", "HTML", 0, 24, 0, 0, 0, 0, 0, 0, 4, 28
"d:\repo\Phoenix11\accounting\templates\accounting\includes\product-app\card.html", "HTML", 0, 13, 0, 0, 0, 0, 0, 0, 3, 16
"d:\repo\Phoenix11\accounting\templates\accounting\includes\product-app\script.html", "HTML", 0, 4, 0, 0, 0, 0, 0, 0, 1, 5
"d:\repo\Phoenix11\accounting\templates\accounting\includes\product-specifications-app\script.html", "HTML", 0, 34, 0, 0, 0, 0, 0, 0, 0, 34
"d:\repo\Phoenix11\accounting\templates\accounting\includes\product-specifications-app\template.html", "HTML", 0, 137, 0, 0, 0, 0, 0, 6, 51, 194
"d:\repo\Phoenix11\accounting\templates\accounting\includes\products-app\list-script.html", "HTML", 0, 29, 0, 0, 0, 0, 0, 0, 4, 33
"d:\repo\Phoenix11\accounting\templates\accounting\includes\products-app\list-template.html", "HTML", 0, 86, 0, 0, 0, 0, 0, 0, 21, 107
"d:\repo\Phoenix11\accounting\templates\accounting\includes\products-app\script.html", "HTML", 0, 50, 0, 0, 0, 0, 0, 0, 5, 55
"d:\repo\Phoenix11\accounting\templates\accounting\includes\products-app\template.html", "HTML", 0, 34, 0, 0, 0, 0, 0, 0, 10, 44
"d:\repo\Phoenix11\accounting\templates\accounting\includes\service-app\card-contents.html", "HTML", 0, 6, 0, 0, 0, 0, 0, 0, 1, 7
"d:\repo\Phoenix11\accounting\templates\accounting\includes\service-app\card.html", "HTML", 0, 10, 0, 0, 0, 0, 0, 0, 5, 15
"d:\repo\Phoenix11\accounting\templates\accounting\includes\service-app\script.html", "HTML", 0, 4, 0, 0, 0, 0, 0, 0, 1, 5
"d:\repo\Phoenix11\accounting\templates\accounting\includes\services-app\script.html", "HTML", 0, 26, 0, 0, 0, 0, 0, 0, 3, 29
"d:\repo\Phoenix11\accounting\templates\accounting\includes\services-app\template.html", "HTML", 0, 96, 0, 0, 0, 0, 0, 0, 8, 104
"d:\repo\Phoenix11\accounting\templates\accounting\includes\set-account-parent-app\script.html", "HTML", 0, 59, 0, 0, 0, 0, 0, 0, 14, 73
"d:\repo\Phoenix11\accounting\templates\accounting\includes\set-account-parent-app\template.html", "HTML", 0, 54, 0, 0, 0, 0, 0, 0, 14, 68
"d:\repo\Phoenix11\accounting\templates\accounting\index.html", "HTML", 0, 136, 0, 0, 0, 0, 0, 0, 26, 162
"d:\repo\Phoenix11\accounting\templates\accounting\invoice-edit.html", "HTML", 0, 283, 0, 0, 0, 0, 0, 0, 19, 302
"d:\repo\Phoenix11\accounting\templates\accounting\invoice-line-item.html", "HTML", 0, 28, 0, 0, 0, 0, 0, 0, 10, 38
"d:\repo\Phoenix11\accounting\templates\accounting\invoice-line.html", "HTML", 0, 24, 0, 0, 0, 0, 0, 0, 11, 35
"d:\repo\Phoenix11\accounting\templates\accounting\invoice-print.html", "HTML", 0, 91, 0, 0, 0, 0, 0, 0, 32, 123
"d:\repo\Phoenix11\accounting\templates\accounting\invoice.html", "HTML", 0, 63, 0, 0, 0, 0, 0, 0, 4, 67
"d:\repo\Phoenix11\accounting\templates\accounting\invoices.html", "HTML", 0, 21, 0, 0, 0, 0, 0, 0, 11, 32
"d:\repo\Phoenix11\accounting\templates\accounting\layout.html", "HTML", 0, 1, 0, 0, 0, 0, 0, 0, 0, 1
"d:\repo\Phoenix11\accounting\templates\accounting\person-account.html", "HTML", 0, 42, 0, 0, 0, 0, 0, 0, 18, 60
"d:\repo\Phoenix11\accounting\templates\accounting\person-accounts.html", "HTML", 0, 19, 0, 0, 0, 0, 0, 0, 13, 32
"d:\repo\Phoenix11\accounting\templates\accounting\person-categories.html", "HTML", 0, 19, 0, 0, 0, 0, 0, 0, 12, 31
"d:\repo\Phoenix11\accounting\templates\accounting\product.html", "HTML", 0, 52, 0, 0, 0, 0, 0, 0, 8, 60
"d:\repo\Phoenix11\accounting\templates\accounting\products.html", "HTML", 0, 29, 0, 0, 0, 0, 0, 0, 10, 39
"d:\repo\Phoenix11\accounting\templates\accounting\search.html", "HTML", 0, 57, 0, 0, 0, 0, 0, 0, 29, 86
"d:\repo\Phoenix11\accounting\templates\accounting\selection.html", "HTML", 0, 193, 0, 0, 0, 0, 0, 0, 63, 256
"d:\repo\Phoenix11\accounting\templates\accounting\service.html", "HTML", 0, 22, 0, 0, 0, 0, 0, 0, 6, 28
"d:\repo\Phoenix11\accounting\templates\accounting\services.html", "HTML", 0, 29, 0, 0, 0, 0, 0, 0, 10, 39
"d:\repo\Phoenix11\accounting\templates\accounting\settings.html", "HTML", 0, 114, 0, 0, 0, 0, 0, 0, 7, 121
"d:\repo\Phoenix11\accounting\templates\accounting\settings33.html", "HTML", 0, 34, 0, 0, 0, 0, 0, 0, 5, 39
"d:\repo\Phoenix11\accounting\templates\accounting\tree-chart.html", "HTML", 0, 90, 0, 0, 0, 0, 0, 0, 33, 123
"d:\repo\Phoenix11\accounting\templates\accounting\tree-list.html", "HTML", 0, 43, 0, 0, 0, 0, 0, 0, 8, 51
"d:\repo\Phoenix11\accounting\templatetags\account_code_seperator.py", "Python", 13, 0, 0, 0, 0, 0, 0, 0, 5, 18
"d:\repo\Phoenix11\accounting\templatetags\to_card_no.py", "Python", 8, 0, 0, 0, 0, 0, 0, 0, 3, 11
"d:\repo\Phoenix11\accounting\templatetags\to_price_color_btn.py", "Python", 13, 0, 0, 0, 0, 0, 0, 1, 0, 14
"d:\repo\Phoenix11\accounting\templatetags\to_variz_text.py", "Python", 5, 0, 0, 0, 0, 0, 0, 1, 0, 6
"d:\repo\Phoenix11\accounting\tests.py", "Python", 1, 0, 0, 0, 0, 0, 0, 0, 2, 3
"d:\repo\Phoenix11\accounting\urls.py", "Python", 77, 0, 0, 0, 0, 0, 0, 0, 49, 126
"d:\repo\Phoenix11\accounting\views.py", "Python", 946, 0, 0, 0, 0, 0, 0, 27, 276, 1249
"d:\repo\Phoenix11\archive\__init__.py", "Python", 0, 0, 0, 0, 0, 0, 0, 0, 1, 1
"d:\repo\Phoenix11\archive\admin.py", "Python", 4, 0, 0, 0, 0, 0, 0, 0, 2, 6
"d:\repo\Phoenix11\archive\apis.py", "Python", 23, 0, 0, 0, 0, 0, 0, 0, 0, 23
"d:\repo\Phoenix11\archive\apps.py", "Python", 5, 0, 0, 0, 0, 0, 0, 0, 2, 7
"d:\repo\Phoenix11\archive\forms.py", "Python", 9, 0, 0, 0, 0, 0, 0, 0, 2, 11
"d:\repo\Phoenix11\archive\migrations\0001_initial.py", "Python", 42, 0, 0, 0, 0, 0, 0, 1, 7, 50
"d:\repo\Phoenix11\archive\migrations\__init__.py", "Python", 0, 0, 0, 0, 0, 0, 0, 0, 1, 1
"d:\repo\Phoenix11\archive\models.py", "Python", 58, 0, 0, 0, 0, 0, 0, 23, 13, 94
"d:\repo\Phoenix11\archive\repo.py", "Python", 104, 0, 0, 0, 0, 0, 0, 0, 13, 117
"d:\repo\Phoenix11\archive\serializers.py", "Python", 11, 0, 0, 0, 0, 0, 0, 0, 4, 15
"d:\repo\Phoenix11\archive\templates\archive\file.html", "HTML", 0, 55, 0, 0, 0, 0, 0, 0, 33, 88
"d:\repo\Phoenix11\archive\templates\archive\folder.html", "HTML", 0, 165, 0, 0, 0, 0, 0, 0, 17, 182
"d:\repo\Phoenix11\archive\templates\archive\includes\navbar.html", "HTML", 0, 0, 0, 0, 0, 0, 0, 0, 1, 1
"d:\repo\Phoenix11\archive\templates\archive\index.html", "HTML", 0, 16, 0, 0, 0, 0, 0, 0, 0, 16
"d:\repo\Phoenix11\archive\templates\archive\layout.html", "HTML", 0, 1, 0, 0, 0, 0, 0, 0, 0, 1
"d:\repo\Phoenix11\archive\templates\archive\search.html", "HTML", 0, 74, 0, 0, 0, 0, 0, 0, 21, 95
"d:\repo\Phoenix11\archive\templates\archive\wide-layout.html", "HTML", 0, 1, 0, 0, 0, 0, 0, 0, 0, 1
"d:\repo\Phoenix11\archive\tests.py", "Python", 1, 0, 0, 0, 0, 0, 0, 1, 2, 4
"d:\repo\Phoenix11\archive\urls.py", "Python", 14, 0, 0, 0, 0, 0, 0, 0, 1, 15
"d:\repo\Phoenix11\archive\views.py", "Python", 119, 0, 0, 0, 0, 0, 0, 1, 22, 142
"d:\repo\Phoenix11\attachments\__init__.py", "Python", 0, 0, 0, 0, 0, 0, 0, 0, 1, 1
"d:\repo\Phoenix11\attachments\admin.py", "Python", 11, 0, 0, 0, 0, 0, 0, 0, 1, 12
"d:\repo\Phoenix11\attachments\apis.py", "Python", 209, 0, 0, 0, 0, 0, 0, 2, 29, 240
"d:\repo\Phoenix11\attachments\apps.py", "Python", 5, 0, 0, 0, 0, 0, 0, 0, 3, 8
"d:\repo\Phoenix11\attachments\enums.py", "Python", 3, 0, 0, 0, 0, 0, 0, 0, 4, 7
"d:\repo\Phoenix11\attachments\forms.py", "Python", 38, 0, 0, 0, 0, 0, 0, 0, 13, 51
"d:\repo\Phoenix11\attachments\migrations\0001_initial.py", "Python", 103, 0, 0, 0, 0, 0, 0, 1, 7, 111
"d:\repo\Phoenix11\attachments\migrations\0002_initial.py", "Python", 88, 0, 0, 0, 0, 0, 0, 1, 7, 96
"d:\repo\Phoenix11\attachments\migrations\0003_alter_download_file.py", "Python", 13, 0, 0, 0, 0, 0, 0, 1, 6, 20
"d:\repo\Phoenix11\attachments\migrations\0004_alter_download_file.py", "Python", 13, 0, 0, 0, 0, 0, 0, 1, 6, 20
"d:\repo\Phoenix11\attachments\migrations\0005_tag.py", "Python", 22, 0, 0, 0, 0, 0, 0, 1, 6, 29
"d:\repo\Phoenix11\attachments\migrations\0006_alter_download_file.py", "Python", 13, 0, 0, 0, 0, 0, 0, 1, 6, 20
"d:\repo\Phoenix11\attachments\migrations\__init__.py", "Python", 0, 0, 0, 0, 0, 0, 0, 0, 1, 1
"d:\repo\Phoenix11\attachments\models.py", "Python", 188, 0, 0, 0, 0, 0, 0, 210, 46, 444
"d:\repo\Phoenix11\attachments\repo.py", "Python", 329, 0, 0, 0, 0, 0, 0, 5, 48, 382
"d:\repo\Phoenix11\attachments\serializer.py", "Python", 42, 0, 0, 0, 0, 0, 0, 2, 21, 65
"d:\repo\Phoenix11\attachments\templates\attachments\comments.html", "HTML", 0, 13, 0, 0, 0, 0, 0, 0, 10, 23
"d:\repo\Phoenix11\attachments\templates\attachments\downloads.html", "HTML", 0, 13, 0, 0, 0, 0, 0, 0, 10, 23
"d:\repo\Phoenix11\attachments\templates\attachments\image.html", "HTML", 0, 62, 0, 0, 0, 0, 0, 5, 23, 90
"d:\repo\Phoenix11\attachments\templates\attachments\images.html", "HTML", 0, 13, 0, 0, 0, 0, 0, 0, 10, 23
"d:\repo\Phoenix11\attachments\templates\attachments\includes\areas-app\script.html", "HTML", 0, 35, 0, 0, 0, 0, 0, 0, 1, 36
"d:\repo\Phoenix11\attachments\templates\attachments\includes\areas-app\template.html", "HTML", 0, 132, 0, 0, 0, 0, 0, 0, 49, 181
"d:\repo\Phoenix11\attachments\templates\attachments\includes\comments-app\component.html", "HTML", 0, 50, 0, 0, 0, 0, 0, 0, 3, 53
"d:\repo\Phoenix11\attachments\templates\attachments\includes\comments-app\list.html", "HTML", 0, 56, 0, 0, 0, 0, 0, 0, 3, 59
"d:\repo\Phoenix11\attachments\templates\attachments\includes\comments-app\script.html", "HTML", 0, 70, 0, 0, 0, 0, 0, 0, 9, 79
"d:\repo\Phoenix11\attachments\templates\attachments\includes\comments-app\template.html", "HTML", 0, 49, 0, 0, 0, 0, 0, 0, 0, 49
"d:\repo\Phoenix11\attachments\templates\attachments\includes\downloads-app\list.html", "HTML", 0, 94, 0, 0, 0, 0, 0, 0, 19, 113
"d:\repo\Phoenix11\attachments\templates\attachments\includes\downloads-app\script.html", "HTML", 0, 46, 0, 0, 0, 0, 0, 0, 6, 52
"d:\repo\Phoenix11\attachments\templates\attachments\includes\downloads-app\template.html", "HTML", 0, 87, 0, 0, 0, 0, 0, 0, 22, 109
"d:\repo\Phoenix11\attachments\templates\attachments\includes\images-app\script.html", "HTML", 0, 54, 0, 0, 0, 0, 0, 0, 9, 63
"d:\repo\Phoenix11\attachments\templates\attachments\includes\images-app\template.html", "HTML", 0, 74, 0, 0, 0, 0, 0, 0, 38, 112
"d:\repo\Phoenix11\attachments\templates\attachments\includes\links-app\list.html", "HTML", 0, 94, 0, 0, 0, 0, 0, 0, 19, 113
"d:\repo\Phoenix11\attachments\templates\attachments\includes\links-app\script.html", "HTML", 0, 34, 0, 0, 0, 0, 0, 0, 1, 35
"d:\repo\Phoenix11\attachments\templates\attachments\includes\links-app\template.html", "HTML", 0, 88, 0, 0, 0, 0, 0, 6, 24, 118
"d:\repo\Phoenix11\attachments\templates\attachments\includes\locations-app\add-location-form.html", "HTML", 0, 19, 0, 0, 0, 0, 0, 0, 0, 19
"d:\repo\Phoenix11\attachments\templates\attachments\includes\locations-app\add-page-location-form.html", "HTML", 0, 23, 0, 0, 0, 0, 0, 0, 2, 25
"d:\repo\Phoenix11\attachments\templates\attachments\includes\locations-app\footer.html", "HTML", 0, 19, 0, 0, 0, 0, 0, 0, 4, 23
"d:\repo\Phoenix11\attachments\templates\attachments\includes\locations-app\script.html", "HTML", 0, 80, 0, 0, 0, 0, 0, 0, 11, 91
"d:\repo\Phoenix11\attachments\templates\attachments\includes\locations-app\template-with-preview.html", "HTML", 0, 59, 0, 0, 0, 0, 0, 0, 21, 80
"d:\repo\Phoenix11\attachments\templates\attachments\includes\locations-app\template.html", "HTML", 0, 57, 0, 0, 0, 0, 0, 0, 7, 64
"d:\repo\Phoenix11\attachments\templates\attachments\includes\navbar.html", "HTML", 0, 0, 0, 0, 0, 0, 0, 0, 1, 1
"d:\repo\Phoenix11\attachments\templates\attachments\includes\page-like-app\page-likes.html", "HTML", 0, 105, 0, 0, 0, 0, 0, 0, 42, 147
"d:\repo\Phoenix11\attachments\templates\attachments\includes\page-like-app\script.html", "HTML", 0, 47, 0, 0, 0, 0, 0, 0, 3, 50
"d:\repo\Phoenix11\attachments\templates\attachments\includes\page-like-app\template-star.html", "HTML", 0, 16, 0, 0, 0, 0, 0, 0, 7, 23
"d:\repo\Phoenix11\attachments\templates\attachments\includes\page-like-app\template.html", "HTML", 0, 17, 0, 0, 0, 0, 0, 0, 7, 24
"d:\repo\Phoenix11\attachments\templates\attachments\includes\tags-app\script.html", "HTML", 0, 29, 0, 0, 0, 0, 0, 0, 2, 31
"d:\repo\Phoenix11\attachments\templates\attachments\includes\tags-app\template.html", "HTML", 0, 48, 0, 0, 0, 0, 0, 11, 7, 66
"d:\repo\Phoenix11\attachments\templates\attachments\index.html", "HTML", 0, 48, 0, 0, 0, 0, 0, 0, 9, 57
"d:\repo\Phoenix11\attachments\templates\attachments\layout.html", "HTML", 0, 1, 0, 0, 0, 0, 0, 0, 0, 1
"d:\repo\Phoenix11\attachments\templates\attachments\links.html", "HTML", 0, 13, 0, 0, 0, 0, 0, 0, 10, 23
"d:\repo\Phoenix11\attachments\templates\attachments\location.html", "HTML", 0, 141, 0, 0, 0, 0, 0, 9, 23, 173
"d:\repo\Phoenix11\attachments\templates\attachments\locations.html", "HTML", 0, 13, 0, 0, 0, 0, 0, 0, 6, 19
"d:\repo\Phoenix11\attachments\templates\attachments\tag.html", "HTML", 0, 36, 0, 0, 0, 0, 0, 0, 6, 42
"d:\repo\Phoenix11\attachments\templates\attachments\tags.html", "HTML", 0, 13, 0, 0, 0, 0, 0, 0, 6, 19
"d:\repo\Phoenix11\attachments\tests.py", "Python", 1, 0, 0, 0, 0, 0, 0, 1, 2, 4
"d:\repo\Phoenix11\attachments\urls.py", "Python", 31, 0, 0, 0, 0, 0, 0, 0, 15, 46
"d:\repo\Phoenix11\attachments\views.py", "Python", 276, 0, 0, 0, 0, 0, 0, 4, 71, 351
"d:\repo\Phoenix11\authentication\__init__.py", "Python", 0, 0, 0, 0, 0, 0, 0, 0, 1, 1
"d:\repo\Phoenix11\authentication\admin.py", "Python", 4, 0, 0, 0, 0, 0, 0, 0, 1, 5
"d:\repo\Phoenix11\authentication\apis.py", "Python", 73, 0, 0, 0, 0, 0, 0, 0, 7, 80
"d:\repo\Phoenix11\authentication\apps.py", "Python", 5, 0, 0, 0, 0, 0, 0, 0, 3, 8
"d:\repo\Phoenix11\authentication\enums.py", "Python", 11, 0, 0, 0, 0, 0, 0, 0, 8, 19
"d:\repo\Phoenix11\authentication\forms.py", "Python", 29, 0, 0, 0, 0, 0, 0, 0, 10, 39
"d:\repo\Phoenix11\authentication\migrations\0001_initial.py", "Python", 52, 0, 0, 0, 0, 0, 0, 1, 7, 60
"d:\repo\Phoenix11\authentication\migrations\0002_alter_person_prefix.py", "Python", 12, 0, 0, 0, 0, 0, 0, 1, 6, 19
"d:\repo\Phoenix11\authentication\migrations\__init__.py", "Python", 0, 0, 0, 0, 0, 0, 0, 0, 1, 1
"d:\repo\Phoenix11\authentication\models.py", "Python", 84, 0, 0, 0, 0, 0, 0, 6, 27, 117
"d:\repo\Phoenix11\authentication\repo.py", "Python", 159, 0, 0, 0, 0, 0, 0, 9, 29, 197
"d:\repo\Phoenix11\authentication\serializers.py", "Python", 11, 0, 0, 0, 0, 0, 0, 0, 7, 18
"d:\repo\Phoenix11\authentication\static\authentication\css\style.css", "PostCSS", 0, 0, 0, 7524, 0, 0, 0, 15, 827, 8366
"d:\repo\Phoenix11\authentication\templates\authentication\change-password.html", "HTML", 0, 0, 0, 0, 0, 0, 0, 0, 1, 1
"d:\repo\Phoenix11\authentication\templates\authentication\includes\add-person-app\script.html", "HTML", 0, 92, 0, 0, 0, 0, 0, 0, 9, 101
"d:\repo\Phoenix11\authentication\templates\authentication\includes\add-person-app\template.html", "HTML", 0, 142, 0, 0, 0, 0, 0, 0, 20, 162
"d:\repo\Phoenix11\authentication\templates\authentication\includes\add-profile-app\script.html", "HTML", 0, 0, 0, 0, 0, 0, 0, 0, 1, 1
"d:\repo\Phoenix11\authentication\templates\authentication\includes\add-profile-app\template.html", "HTML", 0, 0, 0, 0, 0, 0, 0, 0, 1, 1
"d:\repo\Phoenix11\authentication\templates\authentication\includes\navbar.html", "HTML", 0, 34, 0, 0, 0, 0, 0, 0, 10, 44
"d:\repo\Phoenix11\authentication\templates\authentication\includes\person-app\card.html", "HTML", 0, 100, 0, 0, 0, 0, 0, 0, 41, 141
"d:\repo\Phoenix11\authentication\templates\authentication\includes\person-app\change-image.html", "HTML", 0, 14, 0, 0, 0, 0, 0, 0, 2, 16
"d:\repo\Phoenix11\authentication\templates\authentication\includes\person-app\select-script.html", "HTML", 0, 27, 0, 0, 0, 0, 0, 0, 3, 30
"d:\repo\Phoenix11\authentication\templates\authentication\includes\person-app\select-template.html", "HTML", 0, 13, 0, 0, 0, 0, 0, 0, 1, 14
"d:\repo\Phoenix11\authentication\templates\authentication\includes\persons-app\script.html", "HTML", 0, 14, 0, 0, 0, 0, 0, 0, 2, 16
"d:\repo\Phoenix11\authentication\templates\authentication\includes\persons-app\template.html", "HTML", 0, 83, 0, 0, 0, 0, 0, 0, 22, 105
"d:\repo\Phoenix11\authentication\templates\authentication\includes\profile-app\card.html", "HTML", 0, 106, 0, 0, 0, 0, 0, 0, 47, 153
"d:\repo\Phoenix11\authentication\templates\authentication\includes\profile-app\change-image.html", "HTML", 0, 14, 0, 0, 0, 0, 0, 0, 2, 16
"d:\repo\Phoenix11\authentication\templates\authentication\includes\profile-app\select-script.html", "HTML", 0, 27, 0, 0, 0, 0, 0, 0, 1, 28
"d:\repo\Phoenix11\authentication\templates\authentication\includes\profile-app\select-template.html", "HTML", 0, 13, 0, 0, 0, 0, 0, 0, 1, 14
"d:\repo\Phoenix11\authentication\templates\authentication\includes\profiles-app\script.html", "HTML", 0, 14, 0, 0, 0, 0, 0, 0, 2, 16
"d:\repo\Phoenix11\authentication\templates\authentication\includes\profiles-app\template.html", "HTML", 0, 88, 0, 0, 0, 0, 0, 0, 3, 91
"d:\repo\Phoenix11\authentication\templates\authentication\index.html", "HTML", 0, 48, 0, 0, 0, 0, 0, 0, 5, 53
"d:\repo\Phoenix11\authentication\templates\authentication\layout.html", "HTML", 0, 1, 0, 0, 0, 0, 0, 0, 0, 1
"d:\repo\Phoenix11\authentication\templates\authentication\login.html", "HTML", 0, 130, 0, 0, 0, 0, 0, 0, 21, 151
"d:\repo\Phoenix11\authentication\templates\authentication\person.html", "HTML", 0, 12, 0, 0, 0, 0, 0, 0, 3, 15
"d:\repo\Phoenix11\authentication\templates\authentication\persons.html", "HTML", 0, 19, 0, 0, 0, 0, 0, 0, 2, 21
"d:\repo\Phoenix11\authentication\templates\authentication\profile.html", "HTML", 0, 12, 0, 0, 0, 0, 0, 0, 3, 15
"d:\repo\Phoenix11\authentication\templates\authentication\profiles.html", "HTML", 0, 18, 0, 0, 0, 0, 0, 0, 2, 20
"d:\repo\Phoenix11\authentication\templates\authentication\register.html", "HTML", 0, 0, 0, 0, 0, 0, 0, 0, 1, 1
"d:\repo\Phoenix11\authentication\tests.py", "Python", 1, 0, 0, 0, 0, 0, 0, 1, 2, 4
"d:\repo\Phoenix11\authentication\urls.py", "Python", 23, 0, 0, 0, 0, 0, 0, 0, 9, 32
"d:\repo\Phoenix11\authentication\views.py", "Python", 183, 0, 0, 0, 0, 0, 0, 0, 38, 221
"d:\repo\Phoenix11\chef\__init__.py", "Python", 0, 0, 0, 0, 0, 0, 0, 0, 1, 1
"d:\repo\Phoenix11\chef\admin.py", "Python", 6, 0, 0, 0, 0, 0, 0, 0, 1, 7
"d:\repo\Phoenix11\chef\apis.py", "Python", 69, 0, 0, 0, 0, 0, 0, 0, 6, 75
"d:\repo\Phoenix11\chef\apps.py", "Python", 5, 0, 0, 0, 0, 0, 0, 0, 2, 7
"d:\repo\Phoenix11\chef\enums.py", "Python", 0, 0, 0, 0, 0, 0, 0, 0, 1, 1
"d:\repo\Phoenix11\chef\forms.py", "Python", 18, 0, 0, 0, 0, 0, 0, 0, 3, 21
"d:\repo\Phoenix11\chef\migrations\0001_initial.py", "Python", 56, 0, 0, 0, 0, 0, 0, 1, 7, 64
"d:\repo\Phoenix11\chef\migrations\__init__.py", "Python", 0, 0, 0, 0, 0, 0, 0, 0, 1, 1
"d:\repo\Phoenix11\chef\models.py", "Python", 60, 0, 0, 0, 0, 0, 0, 0, 20, 80
"d:\repo\Phoenix11\chef\repo.py", "Python", 251, 0, 0, 0, 0, 0, 0, 0, 48, 299
"d:\repo\Phoenix11\chef\serializers.py", "Python", 27, 0, 0, 0, 0, 0, 0, 0, 8, 35
"d:\repo\Phoenix11\chef\templates\chef\food-item.html", "HTML", 0, 31, 0, 0, 0, 0, 0, 0, 4, 35
"d:\repo\Phoenix11\chef\templates\chef\food-items.html", "HTML", 0, 21, 0, 0, 0, 0, 0, 0, 10, 31
"d:\repo\Phoenix11\chef\templates\chef\food.html", "HTML", 0, 29, 0, 0, 0, 0, 0, 0, 12, 41
"d:\repo\Phoenix11\chef\templates\chef\foods.html", "HTML", 0, 20, 0, 0, 0, 0, 0, 0, 7, 27
"d:\repo\Phoenix11\chef\templates\chef\includes\add-food-item-app\script.html", "HTML", 0, 43, 0, 0, 0, 0, 0, 0, 4, 47
"d:\repo\Phoenix11\chef\templates\chef\includes\add-food-item-app\template.html", "HTML", 0, 79, 0, 0, 0, 0, 0, 0, 8, 87
"d:\repo\Phoenix11\chef\templates\chef\includes\add-meal-app\script.html", "HTML", 0, 92, 0, 0, 0, 0, 0, 0, 13, 105
"d:\repo\Phoenix11\chef\templates\chef\includes\add-meal-app\template.html", "HTML", 0, 172, 0, 0, 0, 0, 0, 0, 13, 185
"d:\repo\Phoenix11\chef\templates\chef\includes\add-meal-item-app\script.html", "HTML", 0, 57, 0, 0, 0, 0, 0, 0, 4, 61
"d:\repo\Phoenix11\chef\templates\chef\includes\add-meal-item-app\template.html", "HTML", 0, 113, 0, 0, 0, 0, 0, 0, 15, 128
"d:\repo\Phoenix11\chef\templates\chef\includes\food-items-app\script.html", "HTML", 0, 26, 0, 0, 0, 0, 0, 0, 3, 29
"d:\repo\Phoenix11\chef\templates\chef\includes\food-items-app\template.html", "HTML", 0, 105, 0, 0, 0, 0, 0, 0, 8, 113
"d:\repo\Phoenix11\chef\templates\chef\includes\foods-app\script.html", "HTML", 0, 14, 0, 0, 0, 0, 0, 0, 1, 15
"d:\repo\Phoenix11\chef\templates\chef\includes\foods-app\template.html", "HTML", 0, 78, 0, 0, 0, 0, 0, 0, 9, 87
"d:\repo\Phoenix11\chef\templates\chef\includes\meal-items-app\script.html", "HTML", 0, 25, 0, 0, 0, 0, 0, 0, 2, 27
"d:\repo\Phoenix11\chef\templates\chef\includes\meal-items-app\template.html", "HTML", 0, 113, 0, 0, 0, 0, 0, 0, 29, 142
"d:\repo\Phoenix11\chef\templates\chef\includes\meals-app\script.html", "HTML", 0, 14, 0, 0, 0, 0, 0, 0, 1, 15
"d:\repo\Phoenix11\chef\templates\chef\includes\meals-app\template.html", "HTML", 0, 101, 0, 0, 0, 0, 0, 0, 11, 112
"d:\repo\Phoenix11\chef\templates\chef\includes\navbar.html", "HTML", 0, 0, 0, 0, 0, 0, 0, 0, 1, 1
"d:\repo\Phoenix11\chef\templates\chef\includes\report-app\script.html", "HTML", 0, 17, 0, 0, 0, 0, 0, 0, 1, 18
"d:\repo\Phoenix11\chef\templates\chef\includes\report-app\template.html", "HTML", 0, 62, 0, 0, 0, 0, 0, 0, 13, 75
"d:\repo\Phoenix11\chef\templates\chef\index.html", "HTML", 0, 57, 0, 0, 0, 0, 0, 0, 4, 61
"d:\repo\Phoenix11\chef\templates\chef\layout.html", "HTML", 0, 1, 0, 0, 0, 0, 0, 0, 0, 1
"d:\repo\Phoenix11\chef\templates\chef\meal-item.html", "HTML", 0, 44, 0, 0, 0, 0, 0, 0, 8, 52
"d:\repo\Phoenix11\chef\templates\chef\meal.html", "HTML", 0, 32, 0, 0, 0, 0, 0, 0, 10, 42
"d:\repo\Phoenix11\chef\templates\chef\meals.html", "HTML", 0, 20, 0, 0, 0, 0, 0, 0, 7, 27
"d:\repo\Phoenix11\chef\templates\chef\report.html", "HTML", 0, 12, 0, 0, 0, 0, 0, 0, 5, 17
"d:\repo\Phoenix11\chef\tests.py", "Python", 1, 0, 0, 0, 0, 0, 0, 1, 2, 4
"d:\repo\Phoenix11\chef\urls.py", "Python", 19, 0, 0, 0, 0, 0, 0, 0, 4, 23
"d:\repo\Phoenix11\chef\views.py", "Python", 121, 0, 0, 0, 0, 0, 0, 9, 32, 162
"d:\repo\Phoenix11\core\__init__.py", "Python", 0, 0, 0, 0, 0, 0, 0, 0, 1, 1
"d:\repo\Phoenix11\core\admin.py", "Python", 5, 0, 0, 0, 0, 0, 0, 0, 1, 6
"d:\repo\Phoenix11\core\apis.py", "Python", 95, 0, 0, 0, 0, 0, 0, 2, 8, 105
"d:\repo\Phoenix11\core\apps.py", "Python", 5, 0, 0, 0, 0, 0, 0, 0, 3, 8
"d:\repo\Phoenix11\core\enums.py", "Python", 16, 0, 0, 0, 0, 0, 0, 0, 6, 22
"d:\repo\Phoenix11\core\forms.py", "Python", 18, 0, 0, 0, 0, 0, 0, 0, 5, 23
"d:\repo\Phoenix11\core\migrations\0001_initial.py", "Python", 65, 0, 0, 0, 0, 0, 0, 1, 7, 73
"d:\repo\Phoenix11\core\migrations\__init__.py", "Python", 0, 0, 0, 0, 0, 0, 0, 0, 1, 1
"d:\repo\Phoenix11\core\models.py", "Python", 44, 0, 0, 0, 0, 0, 0, 135, 6, 185
"d:\repo\Phoenix11\core\repo.py", "Python", 99, 0, 0, 0, 0, 0, 0, 0, 18, 117
"d:\repo\Phoenix11\core\serializers.py", "Python", 11, 0, 0, 0, 0, 0, 0, 0, 5, 16
"d:\repo\Phoenix11\core\templates\core\includes\navbar.html", "HTML", 0, 0, 0, 0, 0, 0, 0, 0, 1, 1
"d:\repo\Phoenix11\core\templates\core\includes\page-app\card-contents.html", "HTML", 0, 42, 0, 0, 0, 0, 0, 0, 6, 48
"d:\repo\Phoenix11\core\templates\core\includes\page-app\card.html", "HTML", 0, 5, 0, 0, 0, 0, 0, 0, 1, 6
"d:\repo\Phoenix11\core\templates\core\includes\page-app\navbar.html", "HTML", 0, 0, 0, 0, 0, 0, 0, 0, 1, 1
"d:\repo\Phoenix11\core\templates\core\includes\page-app\script.html", "HTML", 0, 13, 0, 0, 0, 0, 0, 0, 3, 16
"d:\repo\Phoenix11\core\templates\core\includes\page-app\thumbnail-card.html", "HTML", 0, 0, 0, 0, 0, 0, 0, 0, 1, 1
"d:\repo\Phoenix11\core\templates\core\includes\page-description-app\description.html", "HTML", 0, 26, 0, 0, 0, 0, 0, 2, 2, 30
"d:\repo\Phoenix11\core\templates\core\includes\page-description-app\short-description.html", "HTML", 0, 34, 0, 0, 0, 0, 0, 2, 2, 38
"d:\repo\Phoenix11\core\templates\core\includes\page-priority-app\script.html", "HTML", 0, 34, 0, 0, 0, 0, 0, 0, 0, 34
"d:\repo\Phoenix11\core\templates\core\includes\page-priority-app\template.html", "HTML", 0, 15, 0, 0, 0, 0, 0, 0, 6, 21
"d:\repo\Phoenix11\core\templates\core\includes\page-related-app\form.html", "HTML", 0, 39, 0, 0, 0, 0, 0, 0, 6, 45
"d:\repo\Phoenix11\core\templates\core\includes\page-related-app\script.html", "HTML", 0, 44, 0, 0, 0, 0, 0, 0, 4, 48
"d:\repo\Phoenix11\core\templates\core\includes\page-related-app\template.html", "HTML", 0, 46, 0, 0, 0, 0, 0, 0, 12, 58
"d:\repo\Phoenix11\core\templates\core\includes\page-thumbnail-header-app\script.html", "HTML", 0, 76, 0, 0, 0, 0, 0, 0, 5, 81
"d:\repo\Phoenix11\core\templates\core\includes\page-thumbnail-header-app\template.html", "HTML", 0, 121, 0, 0, 0, 0, 0, 0, 3, 124
"d:\repo\Phoenix11\core\templates\core\includes\pages-app\script.html", "HTML", 0, 17, 0, 0, 0, 0, 0, 0, 1, 18
"d:\repo\Phoenix11\core\templates\core\includes\pages-app\template.html", "HTML", 0, 68, 0, 0, 0, 0, 0, 0, 13, 81
"d:\repo\Phoenix11\core\templates\core\index.html", "HTML", 0, 23, 0, 0, 0, 0, 0, 0, 6, 29
"d:\repo\Phoenix11\core\templates\core\layout.html", "HTML", 0, 1, 0, 0, 0, 0, 0, 0, 0, 1
"d:\repo\Phoenix11\core\templates\core\page.html", "HTML", 0, 48, 0, 0, 0, 0, 0, 0, 33, 81
"d:\repo\Phoenix11\core\templates\core\search.html", "HTML", 0, 41, 0, 0, 0, 0, 0, 0, 17, 58
"d:\repo\Phoenix11\core\tests.py", "Python", 1, 0, 0, 0, 0, 0, 0, 1, 2, 4
"d:\repo\Phoenix11\core\urls.py", "Python", 15, 0, 0, 0, 0, 0, 0, 0, 3, 18
"d:\repo\Phoenix11\core\views.py", "Python", 130, 0, 0, 0, 0, 0, 0, 5, 27, 162
"d:\repo\Phoenix11\health\__init__.py", "Python", 0, 0, 0, 0, 0, 0, 0, 0, 1, 1
"d:\repo\Phoenix11\health\admin.py", "Python", 3, 0, 0, 0, 0, 0, 0, 0, 1, 4
"d:\repo\Phoenix11\health\apis.py", "Python", 29, 0, 0, 0, 0, 0, 0, 0, 5, 34
"d:\repo\Phoenix11\health\apps.py", "Python", 5, 0, 0, 0, 0, 0, 0, 0, 2, 7
"d:\repo\Phoenix11\health\enums.py", "Python", 0, 0, 0, 0, 0, 0, 0, 0, 1, 1
"d:\repo\Phoenix11\health\forms.py", "Python", 3, 0, 0, 0, 0, 0, 0, 0, 1, 4
"d:\repo\Phoenix11\health\migrations\0001_initial.py", "Python", 21, 0, 0, 0, 0, 0, 0, 1, 7, 29
"d:\repo\Phoenix11\health\migrations\__init__.py", "Python", 0, 0, 0, 0, 0, 0, 0, 0, 1, 1
"d:\repo\Phoenix11\health\models.py", "Python", 21, 0, 0, 0, 0, 0, 0, 0, 7, 28
"d:\repo\Phoenix11\health\repo.py", "Python", 65, 0, 0, 0, 0, 0, 0, 0, 16, 81
"d:\repo\Phoenix11\health\serializers.py", "Python", 7, 0, 0, 0, 0, 0, 0, 0, 1, 8
"d:\repo\Phoenix11\health\templates\health\drug.html", "HTML", 0, 52, 0, 0, 0, 0, 0, 0, 8, 60
"d:\repo\Phoenix11\health\templates\health\drugs.html", "HTML", 0, 21, 0, 0, 0, 0, 0, 0, 9, 30
"d:\repo\Phoenix11\health\templates\health\includes\add-drug-app\script.html", "HTML", 0, 43, 0, 0, 0, 0, 0, 0, 4, 47
"d:\repo\Phoenix11\health\templates\health\includes\add-drug-app\template.html", "HTML", 0, 92, 0, 0, 0, 0, 0, 0, 3, 95
"d:\repo\Phoenix11\health\templates\health\includes\drugs-app\script.html", "HTML", 0, 26, 0, 0, 0, 0, 0, 0, 3, 29
"d:\repo\Phoenix11\health\templates\health\includes\drugs-app\template.html", "HTML", 0, 105, 0, 0, 0, 0, 0, 0, 8, 113
"d:\repo\Phoenix11\health\templates\health\includes\navbar.html", "HTML", 0, 0, 0, 0, 0, 0, 0, 0, 1, 1
"d:\repo\Phoenix11\health\templates\health\index.html", "HTML", 0, 24, 0, 0, 0, 0, 0, 0, 3, 27
"d:\repo\Phoenix11\health\templates\health\layout.html", "HTML", 0, 1, 0, 0, 0, 0, 0, 0, 0, 1
"d:\repo\Phoenix11\health\tests.py", "Python", 1, 0, 0, 0, 0, 0, 0, 1, 2, 4
"d:\repo\Phoenix11\health\urls.py", "Python", 11, 0, 0, 0, 0, 0, 0, 0, 4, 15
"d:\repo\Phoenix11\health\views.py", "Python", 48, 0, 0, 0, 0, 0, 0, 3, 17, 68
"d:\repo\Phoenix11\log\__init__.py", "Python", 0, 0, 0, 0, 0, 0, 0, 0, 1, 1
"d:\repo\Phoenix11\log\admin.py", "Python", 3, 0, 0, 0, 0, 0, 0, 1, 2, 6
"d:\repo\Phoenix11\log\apps.py", "Python", 5, 0, 0, 0, 0, 0, 0, 0, 2, 7
"d:\repo\Phoenix11\log\migrations\0001_initial.py", "Python", 25, 0, 0, 0, 0, 0, 0, 1, 7, 33
"d:\repo\Phoenix11\log\migrations\__init__.py", "Python", 0, 0, 0, 0, 0, 0, 0, 0, 1, 1
"d:\repo\Phoenix11\log\models.py", "Python", 26, 0, 0, 0, 0, 0, 0, 9, 7, 42
"d:\repo\Phoenix11\log\repo.py", "Python", 51, 0, 0, 0, 0, 0, 0, 0, 5, 56
"d:\repo\Phoenix11\log\templates\log\includes\logs-app\script.html", "HTML", 0, 0, 0, 0, 0, 0, 0, 0, 1, 1
"d:\repo\Phoenix11\log\templates\log\includes\logs-app\template.html", "HTML", 0, 76, 0, 0, 0, 0, 0, 0, 15, 91
"d:\repo\Phoenix11\log\templates\log\includes\navbar.html", "HTML", 0, 0, 0, 0, 0, 0, 0, 0, 1, 1
"d:\repo\Phoenix11\log\templates\log\index.html", "HTML", 0, 23, 0, 0, 0, 0, 0, 0, 20, 43
"d:\repo\Phoenix11\log\templates\log\layout.html", "HTML", 0, 1, 0, 0, 0, 0, 0, 0, 1, 2
"d:\repo\Phoenix11\log\templates\log\log.html", "HTML", 0, 45, 0, 0, 0, 0, 0, 0, 15, 60
"d:\repo\Phoenix11\log\templates\log\logs.html", "HTML", 0, 16, 0, 0, 0, 0, 0, 0, 12, 28
"d:\repo\Phoenix11\log\tests.py", "Python", 1, 0, 0, 0, 0, 0, 0, 1, 2, 4
"d:\repo\Phoenix11\log\urls.py", "Python", 9, 0, 0, 0, 0, 0, 0, 0, 1, 10
"d:\repo\Phoenix11\log\views.py", "Python", 27, 0, 0, 0, 0, 0, 0, 3, 3, 33
"d:\repo\Phoenix11\manage.py", "Python", 15, 0, 0, 0, 0, 0, 0, 3, 5, 23
"d:\repo\Phoenix11\market\__init__.py", "Python", 0, 0, 0, 0, 0, 0, 0, 0, 1, 1
"d:\repo\Phoenix11\market\admin.py", "Python", 10, 0, 0, 0, 0, 0, 0, 0, 1, 11
"d:\repo\Phoenix11\market\apis.py", "Python", 118, 0, 0, 0, 0, 0, 0, 0, 16, 134
"d:\repo\Phoenix11\market\apps.py", "Python", 5, 0, 0, 0, 0, 0, 0, 0, 3, 8
"d:\repo\Phoenix11\market\enums.py", "Python", 8, 0, 0, 0, 0, 0, 0, 0, 4, 12
"d:\repo\Phoenix11\market\forms.py", "Python", 37, 0, 0, 0, 0, 0, 0, 0, 14, 51
"d:\repo\Phoenix11\market\migrations\0001_initial.py", "Python", 137, 0, 0, 0, 0, 0, 0, 1, 7, 145
"d:\repo\Phoenix11\market\migrations\0002_alter_shop_unit_name.py", "Python", 12, 0, 0, 0, 0, 0, 0, 1, 6, 19
"d:\repo\Phoenix11\market\migrations\0003_alter_shop_unit_name_shoppackage.py", "Python", 33, 0, 0, 0, 0, 0, 0, 1, 6, 40
"d:\repo\Phoenix11\market\migrations\__init__.py", "Python", 0, 0, 0, 0, 0, 0, 0, 0, 1, 1
"d:\repo\Phoenix11\market\models.py", "Python", 146, 0, 0, 0, 0, 0, 0, 1, 55, 202
"d:\repo\Phoenix11\market\repo.py", "Python", 606, 0, 0, 0, 0, 0, 0, 20, 118, 744
"d:\repo\Phoenix11\market\serializers.py", "Python", 54, 0, 0, 0, 0, 0, 0, 0, 31, 85
"d:\repo\Phoenix11\market\templates\market\cart-items.html", "HTML", 0, 13, 0, 0, 0, 0, 0, 0, 10, 23
"d:\repo\Phoenix11\market\templates\market\cart.html", "HTML", 0, 53, 0, 0, 0, 0, 0, 0, 13, 66
"d:\repo\Phoenix11\market\templates\market\category.html", "HTML", 0, 34, 0, 0, 0, 0, 0, 0, 22, 56
"d:\repo\Phoenix11\market\templates\market\customer.html", "HTML", 0, 46, 0, 0, 0, 0, 0, 0, 10, 56
"d:\repo\Phoenix11\market\templates\market\customers.html", "HTML", 0, 21, 0, 0, 0, 0, 0, 0, 11, 32
"d:\repo\Phoenix11\market\templates\market\desk-menu.html", "HTML", 0, 16, 0, 0, 0, 0, 0, 0, 5, 21
"d:\repo\Phoenix11\market\templates\market\desk.html", "HTML", 0, 20, 0, 0, 0, 0, 0, 0, 2, 22
"d:\repo\Phoenix11\market\templates\market\desks.html", "HTML", 0, 20, 0, 0, 0, 0, 0, 0, 7, 27
"d:\repo\Phoenix11\market\templates\market\includes\add-customer-app\script.html", "HTML", 0, 67, 0, 0, 0, 0, 0, 0, 11, 78
"d:\repo\Phoenix11\market\templates\market\includes\add-customer-app\template.html", "HTML", 0, 120, 0, 0, 0, 0, 0, 0, 2, 122
"d:\repo\Phoenix11\market\templates\market\includes\add-menu-app\script.html", "HTML", 0, 40, 0, 0, 0, 0, 0, 0, 7, 47
"d:\repo\Phoenix11\market\templates\market\includes\add-menu-app\template.html", "HTML", 0, 81, 0, 0, 0, 0, 0, 0, 12, 93
"d:\repo\Phoenix11\market\templates\market\includes\add-shop-app\script.html", "HTML", 0, 63, 0, 0, 0, 0, 0, 0, 8, 71
"d:\repo\Phoenix11\market\templates\market\includes\add-shop-app\template.html", "HTML", 0, 69, 0, 0, 0, 0, 0, 0, 25, 94
"d:\repo\Phoenix11\market\templates\market\includes\add-supplier-app\script.html", "HTML", 0, 67, 0, 0, 0, 0, 0, 0, 11, 78
"d:\repo\Phoenix11\market\templates\market\includes\add-supplier-app\template.html", "HTML", 0, 120, 0, 0, 0, 0, 0, 0, 1, 121
"d:\repo\Phoenix11\market\templates\market\includes\add-to-cart-app\script.html", "HTML", 0, 35, 0, 0, 0, 0, 0, 0, 5, 40
"d:\repo\Phoenix11\market\templates\market\includes\add-to-cart-app\template.html", "HTML", 0, 37, 0, 0, 0, 0, 0, 0, 6, 43
"d:\repo\Phoenix11\market\templates\market\includes\cart-items-app\navbar-script.html", "HTML", 0, 10, 0, 0, 0, 0, 0, 0, 0, 10
"d:\repo\Phoenix11\market\templates\market\includes\cart-items-app\navbar-template.html", "HTML", 0, 12, 0, 0, 0, 0, 0, 0, 7, 19
"d:\repo\Phoenix11\market\templates\market\includes\cart-items-app\script.html", "HTML", 0, 9, 0, 0, 0, 0, 0, 0, 0, 9
"d:\repo\Phoenix11\market\templates\market\includes\cart-items-app\template.html", "HTML", 0, 91, 0, 0, 0, 0, 0, 0, 25, 116
"d:\repo\Phoenix11\market\templates\market\includes\categories-app\script.html", "HTML", 0, 12, 0, 0, 0, 0, 0, 0, 5, 17
"d:\repo\Phoenix11\market\templates\market\includes\categories-app\template.html", "HTML", 0, 13, 0, 0, 0, 0, 0, 0, 5, 18
"d:\repo\Phoenix11\market\templates\market\includes\customer-app\navbar.html", "HTML", 0, 22, 0, 0, 0, 0, 0, 0, 8, 30
"d:\repo\Phoenix11\market\templates\market\includes\customers-app\script.html", "HTML", 0, 34, 0, 0, 0, 0, 0, 0, 1, 35
"d:\repo\Phoenix11\market\templates\market\includes\customers-app\template.html", "HTML", 0, 80, 0, 0, 0, 0, 0, 0, 18, 98
"d:\repo\Phoenix11\market\templates\market\includes\desk-menu-app\component.html", "HTML", 0, 19, 0, 0, 0, 0, 0, 0, 4, 23
"d:\repo\Phoenix11\market\templates\market\includes\desk-menu-app\script.html", "HTML", 0, 51, 0, 0, 0, 0, 0, 0, 5, 56
"d:\repo\Phoenix11\market\templates\market\includes\desk-menu-app\template.html", "HTML", 0, 28, 0, 0, 0, 0, 0, 0, 4, 32
"d:\repo\Phoenix11\market\templates\market\includes\desks-app\script.html", "HTML", 0, 14, 0, 0, 0, 0, 0, 0, 1, 15
"d:\repo\Phoenix11\market\templates\market\includes\desks-app\template.html", "HTML", 0, 75, 0, 0, 0, 0, 0, 0, 7, 82
"d:\repo\Phoenix11\market\templates\market\includes\menus-app\script.html", "HTML", 0, 14, 0, 0, 0, 0, 0, 0, 1, 15
"d:\repo\Phoenix11\market\templates\market\includes\menus-app\template.html", "HTML", 0, 75, 0, 0, 0, 0, 0, 0, 7, 82
"d:\repo\Phoenix11\market\templates\market\includes\navbar.html", "HTML", 0, 6, 0, 0, 0, 0, 0, 0, 2, 8
"d:\repo\Phoenix11\market\templates\market\includes\product-app\card-contents.html", "HTML", 0, 11, 0, 0, 0, 0, 0, 0, 1, 12
"d:\repo\Phoenix11\market\templates\market\includes\product-app\card.html", "HTML", 0, 13, 0, 0, 0, 0, 0, 0, 3, 16
"d:\repo\Phoenix11\market\templates\market\includes\product-app\main-shop.html", "HTML", 0, 10, 0, 0, 0, 0, 0, 0, 2, 12
"d:\repo\Phoenix11\market\templates\market\includes\product-app\main.html", "HTML", 0, 20, 0, 0, 0, 0, 0, 0, 6, 26
"d:\repo\Phoenix11\market\templates\market\includes\product-app\navbar.html", "HTML", 0, 20, 0, 0, 0, 0, 0, 0, 5, 25
"d:\repo\Phoenix11\market\templates\market\includes\product-app\relateds.html", "HTML", 0, 28, 0, 0, 0, 0, 0, 0, 10, 38
"d:\repo\Phoenix11\market\templates\market\includes\product-app\script.html", "HTML", 0, 4, 0, 0, 0, 0, 0, 0, 2, 6
"d:\repo\Phoenix11\market\templates\market\includes\product-shops-app\script.html", "HTML", 0, 15, 0, 0, 0, 0, 0, 0, 3, 18
"d:\repo\Phoenix11\market\templates\market\includes\product-shops-app\template.html", "HTML", 0, 61, 0, 0, 0, 0, 0, 0, 26, 87
"d:\repo\Phoenix11\market\templates\market\includes\products-app\script.html", "HTML", 0, 26, 0, 0, 0, 0, 0, 0, 3, 29
"d:\repo\Phoenix11\market\templates\market\includes\products-app\template.html", "HTML", 0, 37, 0, 0, 0, 0, 0, 0, 16, 53
"d:\repo\Phoenix11\market\templates\market\includes\shop-packages-app\script.html", "HTML", 0, 12, 0, 0, 0, 0, 0, 0, 2, 14
"d:\repo\Phoenix11\market\templates\market\includes\shop-packages-app\template.html", "HTML", 0, 110, 0, 0, 0, 0, 0, 0, 12, 122
"d:\repo\Phoenix11\market\templates\market\includes\shops-app\script.html", "HTML", 0, 24, 0, 0, 0, 0, 0, 0, 5, 29
"d:\repo\Phoenix11\market\templates\market\includes\shops-app\template.html", "HTML", 0, 123, 0, 0, 0, 0, 0, 0, 40, 163
"d:\repo\Phoenix11\market\templates\market\includes\supplier-app\navbar.html", "HTML", 0, 17, 0, 0, 0, 0, 0, 0, 9, 26
"d:\repo\Phoenix11\market\templates\market\includes\suppliers-app\script.html", "HTML", 0, 11, 0, 0, 0, 0, 0, 0, 0, 11
"d:\repo\Phoenix11\market\templates\market\includes\suppliers-app\template.html", "HTML", 0, 48, 0, 0, 0, 0, 0, 0, 13, 61
"d:\repo\Phoenix11\market\templates\market\index.html", "HTML", 0, 77, 0, 0, 0, 0, 0, 0, 25, 102
"d:\repo\Phoenix11\market\templates\market\layout.html", "HTML", 0, 1, 0, 0, 0, 0, 0, 0, 0, 1
"d:\repo\Phoenix11\market\templates\market\menu.html", "HTML", 0, 49, 0, 0, 0, 0, 0, 0, 9, 58
"d:\repo\Phoenix11\market\templates\market\menus.html", "HTML", 0, 20, 0, 0, 0, 0, 0, 0, 7, 27
"d:\repo\Phoenix11\market\templates\market\product.html", "HTML", 0, 49, 0, 0, 0, 0, 0, 0, 7, 56
"d:\repo\Phoenix11\market\templates\market\products.html", "HTML", 0, 13, 0, 0, 0, 0, 0, 0, 11, 24
"d:\repo\Phoenix11\market\templates\market\shop-package.html", "HTML", 0, 13, 0, 0, 0, 0, 0, 0, 10, 23
"d:\repo\Phoenix11\market\templates\market\shop-packages.html", "HTML", 0, 13, 0, 0, 0, 0, 0, 0, 10, 23
"d:\repo\Phoenix11\market\templates\market\shop.html", "HTML", 0, 0, 0, 0, 0, 0, 0, 0, 1, 1
"d:\repo\Phoenix11\market\templates\market\shops.html", "HTML", 0, 13, 0, 0, 0, 0, 0, 0, 10, 23
"d:\repo\Phoenix11\market\templates\market\supplier.html", "HTML", 0, 52, 0, 0, 0, 0, 0, 0, 4, 56
"d:\repo\Phoenix11\market\templates\market\suppliers.html", "HTML", 0, 21, 0, 0, 0, 0, 0, 0, 12, 33
"d:\repo\Phoenix11\market\tests.py", "Python", 1, 0, 0, 0, 0, 0, 0, 1, 2, 4
"d:\repo\Phoenix11\market\urls.py", "Python", 30, 0, 0, 0, 0, 0, 0, 0, 8, 38
"d:\repo\Phoenix11\market\views.py", "Python", 238, 0, 0, 0, 0, 0, 0, 2, 79, 319
"d:\repo\Phoenix11\messenger\__init__.py", "Python", 0, 0, 0, 0, 0, 0, 0, 0, 1, 1
"d:\repo\Phoenix11\messenger\admin.py", "Python", 6, 0, 0, 0, 0, 0, 0, 0, 1, 7
"d:\repo\Phoenix11\messenger\apis.py", "Python", 53, 0, 0, 0, 0, 0, 0, 0, 5, 58
"d:\repo\Phoenix11\messenger\apps.py", "Python", 5, 0, 0, 0, 0, 0, 0, 0, 2, 7
"d:\repo\Phoenix11\messenger\constants.py", "Python", 0, 0, 0, 0, 0, 0, 0, 0, 1, 1
"d:\repo\Phoenix11\messenger\enums.py", "Python", 3, 0, 0, 0, 0, 0, 0, 0, 3, 6
"d:\repo\Phoenix11\messenger\forms.py", "Python", 13, 0, 0, 0, 0, 0, 0, 0, 3, 16
"d:\repo\Phoenix11\messenger\help.py", "Python", 13, 0, 0, 0, 0, 0, 0, 0, 4, 17
"d:\repo\Phoenix11\messenger\migrations\0001_initial.py", "Python", 74, 0, 0, 0, 0, 0, 0, 1, 7, 82
"d:\repo\Phoenix11\messenger\migrations\__init__.py", "Python", 0, 0, 0, 0, 0, 0, 0, 0, 1, 1
"d:\repo\Phoenix11\messenger\models.py", "Python", 91, 0, 0, 0, 0, 0, 0, 5, 18, 114
"d:\repo\Phoenix11\messenger\repo.py", "Python", 174, 0, 0, 0, 0, 0, 0, 6, 28, 208
"d:\repo\Phoenix11\messenger\serializers.py", "Python", 27, 0, 0, 0, 0, 0, 0, 0, 3, 30
"d:\repo\Phoenix11\messenger\settings.py", "Python", 1, 0, 0, 0, 0, 0, 0, 0, 1, 2
"d:\repo\Phoenix11\messenger\sms.py", "Python", 40, 0, 0, 0, 0, 0, 0, 16, 19, 75
"d:\repo\Phoenix11\messenger\templates\messenger\channel.html", "HTML", 0, 64, 0, 0, 0, 0, 0, 0, 29, 93
"d:\repo\Phoenix11\messenger\templates\messenger\empty.html", "HTML", 0, 7, 0, 0, 0, 0, 0, 0, 7, 14
"d:\repo\Phoenix11\messenger\templates\messenger\event.html", "HTML", 0, 7, 0, 0, 0, 0, 0, 0, 7, 14
"d:\repo\Phoenix11\messenger\templates\messenger\help\add_channel.html", "HTML", 0, 28, 0, 0, 0, 0, 0, 0, 17, 45
"d:\repo\Phoenix11\messenger\templates\messenger\includes\channels-app\script.html", "HTML", 0, 10, 0, 0, 0, 0, 0, 0, 1, 11
"d:\repo\Phoenix11\messenger\templates\messenger\includes\channels-app\template.html", "HTML", 0, 37, 0, 0, 0, 0, 0, 0, 7, 44
"d:\repo\Phoenix11\messenger\templates\messenger\includes\chat-app\script.html", "HTML", 0, 87, 0, 0, 0, 0, 0, 0, 16, 103
"d:\repo\Phoenix11\messenger\templates\messenger\includes\chat-app\send-message.html", "HTML", 0, 27, 0, 0, 0, 0, 0, 0, 2, 29
"d:\repo\Phoenix11\messenger\templates\messenger\includes\chat-app\template.html", "HTML", 0, 77, 0, 0, 0, 0, 0, 0, 23, 100
"d:\repo\Phoenix11\messenger\templates\messenger\includes\events-app\script.html", "HTML", 0, 0, 0, 0, 0, 0, 0, 0, 1, 1
"d:\repo\Phoenix11\messenger\templates\messenger\includes\events-app\template.html", "HTML", 0, 0, 0, 0, 0, 0, 0, 0, 1, 1
"d:\repo\Phoenix11\messenger\templates\messenger\includes\navbar.html", "HTML", 0, 0, 0, 0, 0, 0, 0, 0, 1, 1
"d:\repo\Phoenix11\messenger\templates\messenger\includes\notification-app\script.html", "HTML", 0, 34, 0, 0, 0, 0, 0, 0, 5, 39
"d:\repo\Phoenix11\messenger\templates\messenger\includes\notification-app\send-notification.html", "HTML", 0, 26, 0, 0, 0, 0, 0, 0, 3, 29
"d:\repo\Phoenix11\messenger\templates\messenger\includes\notification-app\template.html", "HTML", 0, 6, 0, 0, 0, 0, 0, 0, 6, 12
"d:\repo\Phoenix11\messenger\templates\messenger\includes\send-sms-app\script.html", "HTML", 0, 32, 0, 0, 0, 0, 0, 0, 1, 33
"d:\repo\Phoenix11\messenger\templates\messenger\includes\send-sms-app\template.html", "HTML", 0, 43, 0, 0, 0, 0, 0, 0, 8, 51
"d:\repo\Phoenix11\messenger\templates\messenger\includes\tickets-app\script.html", "HTML", 0, 10, 0, 0, 0, 0, 0, 0, 1, 11
"d:\repo\Phoenix11\messenger\templates\messenger\includes\tickets-app\template.html", "HTML", 0, 37, 0, 0, 0, 0, 0, 0, 8, 45
"d:\repo\Phoenix11\messenger\templates\messenger\index.html", "HTML", 0, 73, 0, 0, 0, 0, 0, 0, 22, 95
"d:\repo\Phoenix11\messenger\templates\messenger\layout.html", "HTML", 0, 1, 0, 0, 0, 0, 0, 0, 1, 2
"d:\repo\Phoenix11\messenger\templates\messenger\member.html", "HTML", 0, 7, 0, 0, 0, 0, 0, 0, 7, 14
"d:\repo\Phoenix11\messenger\templates\messenger\message.html", "HTML", 0, 44, 0, 0, 0, 0, 0, 5, 11, 60
"d:\repo\Phoenix11\messenger\templates\messenger\send-sms.html", "HTML", 0, 13, 0, 0, 0, 0, 0, 0, 6, 19
"d:\repo\Phoenix11\messenger\templates\messenger\ticket.html", "HTML", 0, 0, 0, 0, 0, 0, 0, 0, 1, 1
"d:\repo\Phoenix11\messenger\templates\messenger\tickets.html", "HTML", 0, 64, 0, 0, 0, 0, 0, 0, 29, 93
"d:\repo\Phoenix11\messenger\tests.py", "Python", 1, 0, 0, 0, 0, 0, 0, 1, 2, 4
"d:\repo\Phoenix11\messenger\urls.py", "Python", 15, 0, 0, 0, 0, 0, 0, 0, 3, 18
"d:\repo\Phoenix11\messenger\utils.py", "Python", 0, 0, 0, 0, 0, 0, 0, 0, 1, 1
"d:\repo\Phoenix11\messenger\views.py", "Python", 95, 0, 0, 0, 0, 0, 0, 2, 24, 121
"d:\repo\Phoenix11\organization\__init__.py", "Python", 0, 0, 0, 0, 0, 0, 0, 0, 1, 1
"d:\repo\Phoenix11\organization\admin.py", "Python", 4, 0, 0, 0, 0, 0, 0, 0, 1, 5
"d:\repo\Phoenix11\organization\apis.py", "Python", 93, 0, 0, 0, 0, 0, 0, 0, 12, 105
"d:\repo\Phoenix11\organization\apps.py", "Python", 5, 0, 0, 0, 0, 0, 0, 0, 3, 8
"d:\repo\Phoenix11\organization\enums.py", "Python", 0, 0, 0, 0, 0, 0, 0, 0, 1, 1
"d:\repo\Phoenix11\organization\forms.py", "Python", 13, 0, 0, 0, 0, 0, 0, 0, 9, 22
"d:\repo\Phoenix11\organization\migrations\0001_initial.py", "Python", 38, 0, 0, 0, 0, 0, 0, 1, 7, 46
"d:\repo\Phoenix11\organization\migrations\__init__.py", "Python", 0, 0, 0, 0, 0, 0, 0, 0, 1, 1
"d:\repo\Phoenix11\organization\models.py", "Python", 40, 0, 0, 0, 0, 0, 0, 3, 11, 54
"d:\repo\Phoenix11\organization\repo.py", "Python", 102, 0, 0, 0, 0, 0, 0, 4, 19, 125
"d:\repo\Phoenix11\organization\serializers.py", "Python", 14, 0, 0, 0, 0, 0, 0, 0, 4, 18
"d:\repo\Phoenix11\organization\templates\organization\employees.html", "HTML", 0, 20, 0, 0, 0, 0, 0, 0, 7, 27
"d:\repo\Phoenix11\organization\templates\organization\includes\add-employee-app\script.html", "HTML", 0, 66, 0, 0, 0, 0, 0, 0, 9, 75
"d:\repo\Phoenix11\organization\templates\organization\includes\add-employee-app\template.html", "HTML", 0, 121, 0, 0, 0, 0, 0, 0, 18, 139
"d:\repo\Phoenix11\organization\templates\organization\includes\add-organization-unit-app\script.html", "HTML", 0, 63, 0, 0, 0, 0, 0, 0, 9, 72
"d:\repo\Phoenix11\organization\templates\organization\includes\add-organization-unit-app\template.html", "HTML", 0, 123, 0, 0, 0, 0, 0, 0, 12, 135
"d:\repo\Phoenix11\organization\templates\organization\includes\employees-app\script.html", "HTML", 0, 14, 0, 0, 0, 0, 0, 0, 1, 15
"d:\repo\Phoenix11\organization\templates\organization\includes\employees-app\template.html", "HTML", 0, 82, 0, 0, 0, 0, 0, 0, 10, 92
"d:\repo\Phoenix11\organization\templates\organization\includes\navbar.html", "HTML", 0, 0, 0, 0, 0, 0, 0, 0, 1, 1
"d:\repo\Phoenix11\organization\templates\organization\includes\organization-unit-app\card.html", "HTML", 0, 51, 0, 0, 0, 0, 0, 0, 3, 54
"d:\repo\Phoenix11\organization\templates\organization\includes\organization-unit-app\select-script.html", "HTML", 0, 7, 0, 0, 0, 0, 0, 0, 0, 7
"d:\repo\Phoenix11\organization\templates\organization\includes\organization-units-app\script.html", "HTML", 0, 14, 0, 0, 0, 0, 0, 0, 1, 15
"d:\repo\Phoenix11\organization\templates\organization\includes\organization-units-app\template.html", "HTML", 0, 77, 0, 0, 0, 0, 0, 0, 6, 83
"d:\repo\Phoenix11\organization\templates\organization\index.html", "HTML", 0, 35, 0, 0, 0, 0, 0, 0, 7, 42
"d:\repo\Phoenix11\organization\templates\organization\layout.html", "HTML", 0, 1, 0, 0, 0, 0, 0, 0, 0, 1
"d:\repo\Phoenix11\organization\templates\organization\organization-unit.html", "HTML", 0, 20, 0, 0, 0, 0, 0, 0, 2, 22
"d:\repo\Phoenix11\organization\templates\organization\organization-units.html", "HTML", 0, 20, 0, 0, 0, 0, 0, 0, 7, 27
"d:\repo\Phoenix11\organization\tests.py", "Python", 1, 0, 0, 0, 0, 0, 0, 1, 4, 6
"d:\repo\Phoenix11\organization\urls.py", "Python", 16, 0, 0, 0, 0, 0, 0, 0, 7, 23
"d:\repo\Phoenix11\organization\views.py", "Python", 74, 0, 0, 0, 0, 0, 0, 0, 23, 97
"d:\repo\Phoenix11\phoenix\__init__.py", "Python", 0, 0, 0, 0, 0, 0, 0, 0, 1, 1
"d:\repo\Phoenix11\phoenix\asgi.py", "Python", 4, 0, 0, 0, 0, 0, 0, 8, 5, 17
"d:\repo\Phoenix11\phoenix\local_apps.py", "Python", 18, 0, 0, 0, 0, 0, 0, 6, 2, 26
"d:\repo\Phoenix11\phoenix\local_settings.py", "Python", 66, 0, 0, 0, 0, 0, 0, 1, 25, 92
"d:\repo\Phoenix11\phoenix\local_urls.py", "Python", 30, 0, 0, 0, 0, 0, 0, 0, 7, 37
"d:\repo\Phoenix11\phoenix\settings.py", "Python", 71, 0, 0, 0, 0, 0, 0, 10, 39, 120
"d:\repo\Phoenix11\phoenix\urls.py", "Python", 2, 0, 0, 0, 0, 0, 0, 0, 2, 4
"d:\repo\Phoenix11\phoenix\wsgi.py", "Python", 4, 0, 0, 0, 0, 0, 0, 8, 5, 17
"d:\repo\Phoenix11\processmanagement\__init__.py", "Python", 0, 0, 0, 0, 0, 0, 0, 0, 1, 1
"d:\repo\Phoenix11\processmanagement\admin.py", "Python", 1, 0, 0, 0, 0, 0, 0, 1, 2, 4
"d:\repo\Phoenix11\processmanagement\apis.py", "Python", 0, 0, 0, 0, 0, 0, 0, 0, 1, 1
"d:\repo\Phoenix11\processmanagement\apps.py", "Python", 5, 0, 0, 0, 0, 0, 0, 0, 3, 8
"d:\repo\Phoenix11\processmanagement\enums.py", "Python", 10, 0, 0, 0, 0, 0, 0, 0, 1, 11
"d:\repo\Phoenix11\processmanagement\migrations\__init__.py", "Python", 0, 0, 0, 0, 0, 0, 0, 0, 1, 1
"d:\repo\Phoenix11\processmanagement\models.py", "Python", 1, 0, 0, 0, 0, 0, 0, 1, 2, 4
"d:\repo\Phoenix11\processmanagement\permission.py", "Python", 8, 0, 0, 0, 0, 0, 0, 0, 0, 8
"d:\repo\Phoenix11\processmanagement\templates\processmanagement\accounts.html", "HTML", 0, 36, 0, 0, 0, 0, 0, 0, 5, 41
"d:\repo\Phoenix11\processmanagement\templates\processmanagement\index.html", "HTML", 0, 19, 0, 0, 0, 0, 0, 0, 1, 20
"d:\repo\Phoenix11\processmanagement\templates\processmanagement\layout.html", "HTML", 0, 1, 0, 0, 0, 0, 0, 0, 0, 1
"d:\repo\Phoenix11\processmanagement\tests.py", "Python", 1, 0, 0, 0, 0, 0, 0, 1, 2, 4
"d:\repo\Phoenix11\processmanagement\urls.py", "Python", 9, 0, 0, 0, 0, 0, 0, 0, 2, 11
"d:\repo\Phoenix11\processmanagement\views.py", "Python", 22, 0, 0, 0, 0, 0, 0, 0, 11, 33
"d:\repo\Phoenix11\projectmanager\__init__.py", "Python", 0, 0, 0, 0, 0, 0, 0, 0, 1, 1
"d:\repo\Phoenix11\projectmanager\admin.py", "Python", 7, 0, 0, 0, 0, 0, 0, 1, 2, 10
"d:\repo\Phoenix11\projectmanager\apis.py", "Python", 110, 0, 0, 0, 0, 0, 0, 0, 15, 125
"d:\repo\Phoenix11\projectmanager\apps.py", "Python", 5, 0, 0, 0, 0, 0, 0, 0, 3, 8
"d:\repo\Phoenix11\projectmanager\enums.py", "Python", 19, 0, 0, 0, 0, 0, 0, 0, 17, 36
"d:\repo\Phoenix11\projectmanager\forms.py", "Python", 63, 0, 0, 0, 0, 0, 0, 0, 8, 71
"d:\repo\Phoenix11\projectmanager\migrations\0001_initial.py", "Python", 108, 0, 0, 0, 0, 0, 0, 1, 7, 116
"d:\repo\Phoenix11\projectmanager\migrations\0002_ticket.py", "Python", 32, 0, 0, 0, 0, 0, 0, 1, 6, 39
"d:\repo\Phoenix11\projectmanager\migrations\0003_alter_ticket_file.py", "Python", 13, 0, 0, 0, 0, 0, 0, 1, 6, 20
"d:\repo\Phoenix11\projectmanager\migrations\0004_alter_ticket_file.py", "Python", 13, 0, 0, 0, 0, 0, 0, 1, 6, 20
"d:\repo\Phoenix11\projectmanager\migrations\0005_project_amount.py", "Python", 12, 0, 0, 0, 0, 0, 0, 1, 6, 19
"d:\repo\Phoenix11\projectmanager\migrations\0006_alter_project_amount_alter_project_weight.py", "Python", 17, 0, 0, 0, 0, 0, 0, 1, 6, 24
"d:\repo\Phoenix11\projectmanager\migrations\__init__.py", "Python", 0, 0, 0, 0, 0, 0, 0, 0, 1, 1
"d:\repo\Phoenix11\projectmanager\models.py", "Python", 151, 0, 0, 0, 0, 0, 0, 1, 51, 203
"d:\repo\Phoenix11\projectmanager\repo.py", "Python", 208, 0, 0, 0, 0, 0, 0, 0, 36, 244
"d:\repo\Phoenix11\projectmanager\serializers.py", "Python", 17, 0, 0, 0, 0, 0, 0, 0, 6, 23
"d:\repo\Phoenix11\projectmanager\templates\projectmanager\includes\add-invoice-app\script.html", "HTML", 0, 94, 0, 0, 0, 0, 0, 0, 13, 107
"d:\repo\Phoenix11\projectmanager\templates\projectmanager\includes\add-invoice-app\template.html", "HTML", 0, 119, 0, 0, 0, 0, 0, 0, 23, 142
"d:\repo\Phoenix11\projectmanager\templates\projectmanager\includes\add-project-app\script.html", "HTML", 0, 58, 0, 0, 0, 0, 0, 0, 9, 67
"d:\repo\Phoenix11\projectmanager\templates\projectmanager\includes\add-project-app\template.html", "HTML", 0, 142, 0, 0, 0, 0, 0, 0, 17, 159
"d:\repo\Phoenix11\projectmanager\templates\projectmanager\includes\navbar.html", "HTML", 0, 0, 0, 0, 0, 0, 0, 0, 1, 1
"d:\repo\Phoenix11\projectmanager\templates\projectmanager\includes\project-app\card.html", "HTML", 0, 24, 0, 0, 0, 0, 0, 0, 5, 29
"d:\repo\Phoenix11\projectmanager\templates\projectmanager\includes\project-app\script.html", "HTML", 0, 8, 0, 0, 0, 0, 0, 0, 6, 14
"d:\repo\Phoenix11\projectmanager\templates\projectmanager\includes\project-edit-app\script.html", "HTML", 0, 119, 0, 0, 0, 0, 0, 0, 19, 138
"d:\repo\Phoenix11\projectmanager\templates\projectmanager\includes\project-edit-app\template.html", "HTML", 0, 191, 0, 0, 0, 0, 0, 6, 13, 210
"d:\repo\Phoenix11\projectmanager\templates\projectmanager\includes\projects-app\script.html", "HTML", 0, 14, 0, 0, 0, 0, 0, 0, 1, 15
"d:\repo\Phoenix11\projectmanager\templates\projectmanager\includes\projects-app\template.html", "HTML", 0, 74, 0, 0, 0, 0, 0, 0, 8, 82
"d:\repo\Phoenix11\projectmanager\templates\projectmanager\includes\remote-clients-app\add-remote-client-form.html", "HTML", 0, 270, 0, 0, 0, 0, 0, 0, 80, 350
"d:\repo\Phoenix11\projectmanager\templates\projectmanager\includes\remote-clients-app\script.html", "HTML", 0, 135, 0, 0, 0, 0, 0, 0, 10, 145
"d:\repo\Phoenix11\projectmanager\templates\projectmanager\includes\remote-clients-app\template.html", "HTML", 0, 85, 0, 0, 0, 0, 0, 4, 3, 92
"d:\repo\Phoenix11\projectmanager\templates\projectmanager\includes\sub-projects-app\script.html", "HTML", 0, 36, 0, 0, 0, 0, 0, 2, 2, 40
"d:\repo\Phoenix11\projectmanager\templates\projectmanager\includes\sub-projects-app\template.html", "HTML", 0, 113, 0, 0, 0, 0, 0, 1, 49, 163
"d:\repo\Phoenix11\projectmanager\templates\projectmanager\index.html", "HTML", 0, 24, 0, 0, 0, 0, 0, 0, 3, 27
"d:\repo\Phoenix11\projectmanager\templates\projectmanager\layout.html", "HTML", 0, 1, 0, 0, 0, 0, 0, 0, 0, 1
"d:\repo\Phoenix11\projectmanager\templates\projectmanager\project.html", "HTML", 0, 61, 0, 0, 0, 0, 0, 0, 14, 75
"d:\repo\Phoenix11\projectmanager\templates\projectmanager\projects.html", "HTML", 0, 20, 0, 0, 0, 0, 0, 0, 7, 27
"d:\repo\Phoenix11\projectmanager\templates\projectmanager\remote-client.html", "HTML", 0, 514, 0, 0, 0, 0, 0, 0, 177, 691
"d:\repo\Phoenix11\projectmanager\templates\projectmanager\remote-clients.html", "HTML", 0, 11, 0, 0, 0, 0, 0, 0, 12, 23
"d:\repo\Phoenix11\projectmanager\templates\projectmanager\tree-chart.html", "HTML", 0, 87, 0, 0, 0, 0, 0, 0, 33, 120
"d:\repo\Phoenix11\projectmanager\tests.py", "Python", 1, 0, 0, 0, 0, 0, 0, 1, 2, 4
"d:\repo\Phoenix11\projectmanager\urls.py", "Python", 19, 0, 0, 0, 0, 0, 0, 0, 6, 25
"d:\repo\Phoenix11\projectmanager\views.py", "Python", 148, 0, 0, 0, 0, 0, 0, 6, 44, 198
"d:\repo\Phoenix11\requirements.txt", "pip requirements", 0, 0, 0, 0, 0, 0, 10, 0, 0, 10
"d:\repo\Phoenix11\school\__init__.py", "Python", 0, 0, 0, 0, 0, 0, 0, 0, 1, 1
"d:\repo\Phoenix11\school\admin.py", "Python", 5, 0, 0, 0, 0, 0, 0, 0, 1, 6
"d:\repo\Phoenix11\school\apis.py", "Python", 69, 0, 0, 0, 0, 0, 0, 0, 8, 77
"d:\repo\Phoenix11\school\apps.py", "Python", 5, 0, 0, 0, 0, 0, 0, 0, 3, 8
"d:\repo\Phoenix11\school\enums.py", "Python", 0, 0, 0, 0, 0, 0, 0, 0, 1, 1
"d:\repo\Phoenix11\school\forms.py", "Python", 12, 0, 0, 0, 0, 0, 0, 0, 4, 16
"d:\repo\Phoenix11\school\migrations\0001_initial.py", "Python", 49, 0, 0, 0, 0, 0, 0, 1, 7, 57
"d:\repo\Phoenix11\school\migrations\0002_remove_course_name.py", "Python", 11, 0, 0, 0, 0, 0, 0, 1, 6, 18
"d:\repo\Phoenix11\school\migrations\__init__.py", "Python", 0, 0, 0, 0, 0, 0, 0, 0, 1, 1
"d:\repo\Phoenix11\school\models.py", "Python", 45, 0, 0, 0, 0, 0, 0, 0, 15, 60
"d:\repo\Phoenix11\school\repo.py", "Python", 162, 0, 0, 0, 0, 0, 0, 0, 27, 189
"d:\repo\Phoenix11\school\serializers.py", "Python", 16, 0, 0, 0, 0, 0, 0, 0, 5, 21
"d:\repo\Phoenix11\school\templates\school\course.html", "HTML", 0, 35, 0, 0, 0, 0, 0, 0, 2, 37
"d:\repo\Phoenix11\school\templates\school\courses.html", "HTML", 0, 20, 0, 0, 0, 0, 0, 0, 7, 27
"d:\repo\Phoenix11\school\templates\school\includes\add-course-app\script.html", "HTML", 0, 32, 0, 0, 0, 0, 0, 0, 5, 37
"d:\repo\Phoenix11\school\templates\school\includes\add-course-app\template.html", "HTML", 0, 42, 0, 0, 0, 0, 0, 0, 1, 43
"d:\repo\Phoenix11\school\templates\school\includes\add-school-app\script.html", "HTML", 0, 60, 0, 0, 0, 0, 0, 0, 6, 66
"d:\repo\Phoenix11\school\templates\school\includes\add-school-app\template.html", "HTML", 0, 95, 0, 0, 0, 0, 0, 0, 8, 103
"d:\repo\Phoenix11\school\templates\school\includes\courses-app\script.html", "HTML", 0, 14, 0, 0, 0, 0, 0, 0, 1, 15
"d:\repo\Phoenix11\school\templates\school\includes\courses-app\template.html", "HTML", 0, 71, 0, 0, 0, 0, 0, 0, 3, 74
"d:\repo\Phoenix11\school\templates\school\includes\navbar.html", "HTML", 0, 0, 0, 0, 0, 0, 0, 0, 1, 1
"d:\repo\Phoenix11\school\templates\school\includes\schools-app\script.html", "HTML", 0, 14, 0, 0, 0, 0, 0, 0, 1, 15
"d:\repo\Phoenix11\school\templates\school\includes\schools-app\template.html", "HTML", 0, 81, 0, 0, 0, 0, 0, 0, 19, 100
"d:\repo\Phoenix11\school\templates\school\index.html", "HTML", 0, 35, 0, 0, 0, 0, 0, 0, 6, 41
"d:\repo\Phoenix11\school\templates\school\layout.html", "HTML", 0, 1, 0, 0, 0, 0, 0, 0, 0, 1
"d:\repo\Phoenix11\school\templates\school\school.html", "HTML", 0, 0, 0, 0, 0, 0, 0, 0, 1, 1
"d:\repo\Phoenix11\school\templates\school\schools.html", "HTML", 0, 20, 0, 0, 0, 0, 0, 0, 7, 27
"d:\repo\Phoenix11\school\tests.py", "Python", 1, 0, 0, 0, 0, 0, 0, 1, 3, 5
"d:\repo\Phoenix11\school\urls.py", "Python", 17, 0, 0, 0, 0, 0, 0, 0, 6, 23
"d:\repo\Phoenix11\school\views.py", "Python", 87, 0, 0, 0, 0, 0, 0, 7, 28, 122
"d:\repo\Phoenix11\static\charts\Chart.min.js", "JavaScript", 0, 0, 5, 0, 0, 0, 0, 9, 0, 14
"d:\repo\Phoenix11\static\charts\chartjs\aa - Copy.js", "JavaScript", 0, 0, 1, 0, 0, 0, 0, 0, 1, 2
"d:\repo\Phoenix11\static\charts\chartjs\aa.js", "JavaScript", 0, 0, 1, 0, 0, 0, 0, 0, 1, 2
"d:\repo\Phoenix11\static\charts\chartjs\chart.js", "JavaScript", 0, 0, 2, 0, 0, 0, 0, 11, 2, 15
"d:\repo\Phoenix11\static\charts\chartjs\helpers.esm.js", "JavaScript", 0, 0, 1, 0, 0, 0, 0, 6, 1, 8
"d:\repo\Phoenix11\static\charts\loader.js", "JavaScript", 0, 0, 139, 0, 0, 0, 0, 4, 1, 144
"d:\repo\Phoenix11\static\img\icons\home.svg", "XML", 0, 0, 0, 0, 6, 0, 0, 1, 0, 7
"d:\repo\Phoenix11\static\img\icons\up.svg", "XML", 0, 0, 0, 0, 6, 0, 0, 1, 0, 7
"d:\repo\Phoenix11\static\img\icons\up2.svg", "XML", 0, 0, 0, 0, 6, 0, 0, 1, 0, 7
"d:\repo\Phoenix11\static\leo\css\font-farsi-Casablanca.css", "PostCSS", 0, 0, 0, 9, 0, 0, 0, 0, 1, 10
"d:\repo\Phoenix11\static\leo\css\font-farsi-Fanoos.css", "PostCSS", 0, 0, 0, 21, 0, 0, 0, 0, 7, 28
"d:\repo\Phoenix11\static\leo\css\font-farsi-Farnaz.css", "PostCSS", 0, 0, 0, 9, 0, 0, 0, 0, 0, 9
"d:\repo\Phoenix11\static\leo\css\font-farsi-Shabnam.css", "PostCSS", 0, 0, 0, 21, 0, 0, 0, 0, 1, 22
"d:\repo\Phoenix11\static\leo\css\font-farsi-Tanha.css", "PostCSS", 0, 0, 0, 27, 0, 0, 0, 0, 8, 35
"d:\repo\Phoenix11\static\leo\css\font-farsi-Vazir.css", "PostCSS", 0, 0, 0, 27, 0, 0, 0, 0, 8, 35
"d:\repo\Phoenix11\static\leo\css\font-farsi.css", "PostCSS", 0, 0, 0, 33, 0, 0, 0, 0, 4, 37
"d:\repo\Phoenix11\static\leo\css\style.css", "PostCSS", 0, 0, 0, 16, 0, 0, 0, 0, 2, 18
"d:\repo\Phoenix11\static\leo\font-farsi\Tanha\CHANGELOG.md", "Markdown", 0, 0, 0, 0, 0, 70, 0, 0, 30, 100
"d:\repo\Phoenix11\static\leo\font-farsi\Tanha\README.md", "Markdown", 0, 0, 0, 0, 0, 26, 0, 0, 6, 32
"d:\repo\Phoenix11\static\leo\font-farsi\Vazir\CHANGELOG.md", "Markdown", 0, 0, 0, 0, 0, 648, 0, 0, 326, 974
"d:\repo\Phoenix11\static\leo\font-farsi\Vazir\README.md", "Markdown", 0, 0, 0, 0, 0, 84, 0, 0, 28, 112
"d:\repo\Phoenix11\static\leo\fonts\fontawesome-webfont.svg", "XML", 0, 0, 0, 0, 2671, 0, 0, 0, 1, 2672
"d:\repo\Phoenix11\static\leo\fonts\glyphicons-halflings-regular.svg", "XML", 0, 0, 0, 0, 288, 0, 0, 0, 1, 289
"d:\repo\Phoenix11\static\material\css\material-kit.min.css", "PostCSS", 0, 0, 0, 10, 0, 0, 0, 0, 0, 10
"d:\repo\Phoenix11\static\material\demo\demo.css", "PostCSS", 0, 0, 0, 267, 0, 0, 0, 5, 31, 303
"d:\repo\Phoenix11\static\material\demo\demo.js", "JavaScript", 0, 0, 68, 0, 0, 0, 0, 2, 16, 86
"d:\repo\Phoenix11\static\material\demo\modernizr.js", "JavaScript", 0, 0, 609, 0, 0, 0, 0, 510, 288, 1407
"d:\repo\Phoenix11\static\material\demo\vertical-nav.css", "PostCSS", 0, 0, 0, 240, 0, 0, 0, 16, 10, 266
"d:\repo\Phoenix11\static\material\demo\vertical-nav.js", "JavaScript", 0, 0, 44, 0, 0, 0, 0, 5, 9, 58
"d:\repo\Phoenix11\static\material\js\core\bootstrap-material-design.min.js", "JavaScript", 0, 0, 1, 0, 0, 0, 0, 0, 1, 2
"d:\repo\Phoenix11\static\material\js\core\jquery.min.js", "JavaScript", 0, 0, 3163, 0, 0, 0, 0, 0, 77, 3240
"d:\repo\Phoenix11\static\material\js\core\popper.min.js", "JavaScript", 0, 0, 785, 0, 0, 0, 0, 4, 45, 834
"d:\repo\Phoenix11\static\material\js\material-kit.min.js", "JavaScript", 0, 0, 1, 0, 0, 0, 0, 1, 0, 2
"d:\repo\Phoenix11\static\material\js\plugins\bootstrap-datetimepicker.js", "JavaScript", 0, 0, 965, 0, 0, 0, 0, 44, 2, 1011
"d:\repo\Phoenix11\static\material\js\plugins\bootstrap-selectpicker.js", "JavaScript", 0, 0, 2416, 0, 0, 0, 0, 181, 548, 3145
"d:\repo\Phoenix11\static\material\js\plugins\bootstrap-tagsinput.js", "JavaScript", 0, 0, 501, 0, 0, 0, 0, 118, 100, 719
"d:\repo\Phoenix11\static\material\js\plugins\jasny-bootstrap.min.js", "JavaScript", 0, 0, 235, 0, 0, 0, 0, 33, 70, 338
"d:\repo\Phoenix11\static\material\js\plugins\jquery.flexisel.js", "JavaScript", 0, 0, 291, 0, 0, 0, 0, 45, 78, 414
"d:\repo\Phoenix11\static\material\js\plugins\jquery.sharrre.js", "JavaScript", 0, 0, 496, 0, 0, 0, 0, 63, 27, 586
"d:\repo\Phoenix11\static\material\js\plugins\moment.min.js", "JavaScript", 0, 0, 1, 0, 0, 0, 0, 5, 1, 7
"d:\repo\Phoenix11\static\material\js\plugins\nouislider.min.js", "JavaScript", 0, 0, 1, 0, 0, 0, 0, 1, 1, 3
"d:\repo\Phoenix11\static\persian\moment-jalaali.js", "JavaScript", 0, 0, 943, 0, 0, 0, 0, 158, 120, 1221
"d:\repo\Phoenix11\static\persian\moment.js", "JavaScript", 0, 0, 1, 0, 0, 0, 0, 7, 0, 8
"d:\repo\Phoenix11\static\persian\vue-persian-datetime-picker-browser.js", "JavaScript", 0, 0, 2, 0, 0, 0, 0, 1, 0, 3
"d:\repo\Phoenix11\static\persian\vue.js", "JavaScript", 0, 0, 1, 0, 0, 0, 0, 5, 0, 6
"d:\repo\Phoenix11\static\vendor\css\bootstrap.min.css", "PostCSS", 0, 0, 0, 1, 0, 0, 0, 6, 0, 7
"d:\repo\Phoenix11\static\vendor\css\bootstrap5.min.css", "PostCSS", 0, 0, 0, 5, 0, 0, 0, 1, 0, 6
"d:\repo\Phoenix11\static\vendor\css\font-awesome.all.min.css", "PostCSS", 0, 0, 0, 1, 0, 0, 0, 4, 0, 5
"d:\repo\Phoenix11\static\vendor\css\font-awesome.min.css", "PostCSS", 0, 0, 0, 1, 0, 0, 0, 3, 1, 5
"d:\repo\Phoenix11\static\vendor\css\material-icons.css", "PostCSS", 0, 0, 0, 315, 0, 0, 0, 43, 1, 359
"d:\repo\Phoenix11\static\vendor\js\analytics.js", "JavaScript", 0, 0, 78, 0, 0, 0, 0, 8, 1, 87
"d:\repo\Phoenix11\static\vendor\js\bootstrap.bundle.min.js", "JavaScript", 0, 0, 1, 0, 0, 0, 0, 6, 0, 7
"d:\repo\Phoenix11\static\vendor\js\bootstrap.min.js", "JavaScript", 0, 0, 1, 0, 0, 0, 0, 6, 0, 7
"d:\repo\Phoenix11\static\vendor\js\buttons.js", "JavaScript", 0, 0, 1, 0, 0, 0, 0, 5, 1, 7
"d:\repo\Phoenix11\static\vendor\js\ckeditor\ckeditor.js", "JavaScript", 0, 0, 2, 0, 0, 0, 0, 5, 0, 7
"d:\repo\Phoenix11\static\vendor\js\common.js", "JavaScript", 0, 0, 156, 0, 0, 0, 0, 0, 2, 158
"d:\repo\Phoenix11\static\vendor\js\core.js", "JavaScript", 0, 0, 5931, 0, 0, 0, 0, 738, 944, 7613
"d:\repo\Phoenix11\static\vendor\js\demo.js", "JavaScript", 0, 0, 749, 0, 0, 0, 0, 21, 138, 908
"d:\repo\Phoenix11\static\vendor\js\fbevents.js", "JavaScript", 0, 0, 12, 0, 0, 0, 0, 19, 0, 31
"d:\repo\Phoenix11\static\vendor\js\fullcalendar.min.js", "JavaScript", 0, 0, 7, 0, 0, 0, 0, 5, 1, 13
"d:\repo\Phoenix11\static\vendor\js\gtm.js", "JavaScript", 0, 0, 1260, 0, 0, 0, 0, 7, 29, 1296
"d:\repo\Phoenix11\static\vendor\js\highlight.js", "JavaScript", 0, 0, 1, 0, 0, 0, 0, 0, 0, 1
"d:\repo\Phoenix11\static\vendor\js\hotjar-99526.js", "JavaScript", 0, 0, 2, 0, 0, 0, 0, 1, 1, 4
"d:\repo\Phoenix11\static\vendor\js\jquery-jvectormap.js", "JavaScript", 0, 0, 3184, 0, 0, 0, 0, 586, 414, 4184
"d:\repo\Phoenix11\static\vendor\js\jquery.bootstrap-wizard.js", "JavaScript", 0, 0, 256, 0, 0, 0, 0, 38, 52, 346
"d:\repo\Phoenix11\static\vendor\js\jquery.dataTables.min.js", "JavaScript", 0, 0, 493, 0, 0, 0, 0, 87, 44, 624
"d:\repo\Phoenix11\static\vendor\js\jquery.min.js", "JavaScript", 0, 0, 1, 0, 0, 0, 0, 1, 1, 3
"d:\repo\Phoenix11\static\vendor\js\jquery.sharrre.js", "JavaScript", 0, 0, 496, 0, 0, 0, 0, 63, 27, 586
"d:\repo\Phoenix11\static\vendor\js\jquery.slim.min.js", "JavaScript", 0, 0, 1, 0, 0, 0, 0, 1, 1, 3
"d:\repo\Phoenix11\static\vendor\js\jquery.validate.min.js", "JavaScript", 0, 0, 1, 0, 0, 0, 0, 3, 0, 4
"d:\repo\Phoenix11\static\vendor\js\modules.8892a865463d29e21514.js", "JavaScript", 0, 0, 1, 0, 0, 0, 0, 0, 1, 2
"d:\repo\Phoenix11\static\vendor\js\moment.min.js", "JavaScript", 0, 0, 208, 0, 0, 0, 0, 284, 1, 493
"d:\repo\Phoenix11\static\vendor\js\nouislider.min.js", "JavaScript", 0, 0, 1, 0, 0, 0, 0, 1, 2, 4
"d:\repo\Phoenix11\static\vendor\js\owl\owl.carousel.min.css", "PostCSS", 0, 0, 0, 1, 0, 0, 0, 5, 0, 6
"d:\repo\Phoenix11\static\vendor\js\owl\owl.carousel.min.js", "JavaScript", 0, 0, 2, 0, 0, 0, 0, 5, 0, 7
"d:\repo\Phoenix11\static\vendor\js\perfect-scrollbar.jquery.min.js", "JavaScript", 0, 0, 1102, 0, 0, 0, 0, 38, 186, 1326
"d:\repo\Phoenix11\static\vendor\js\popper.min.js", "JavaScript", 0, 0, 785, 0, 0, 0, 0, 4, 45, 834
"d:\repo\Phoenix11\static\vendor\js\sweetalert2.js", "JavaScript", 0, 0, 1971, 0, 0, 0, 0, 204, 488, 2663
"d:\repo\Phoenix11\static\vendor\js\util.js", "JavaScript", 0, 0, 298, 0, 0, 0, 0, 14, 3, 315
"d:\repo\Phoenix11\static\vendor\js\vue.global.js", "JavaScript", 0, 0, 17582, 0, 0, 0, 0, 334, 124, 18040
"d:\repo\Phoenix11\static\vendor\js\vue.js", "JavaScript", 0, 0, 9459, 0, 0, 0, 0, 1423, 1084, 11966
"d:\repo\Phoenix11\static\vendor\js\vue.min.js", "JavaScript", 0, 0, 1, 0, 0, 0, 0, 10, 0, 11
"d:\repo\Phoenix11\templates\admin\base.html", "HTML", 0, 170, 0, 0, 0, 0, 0, 6, 18, 194
"d:\repo\Phoenix11\templates\admin\base_site.html", "HTML", 0, 6, 0, 0, 0, 0, 0, 0, 4, 10
"d:\repo\Phoenix11\templates\admin\index.html", "HTML", 0, 43, 0, 0, 0, 0, 0, 0, 9, 52
"d:\repo\Phoenix11\templates\phoenix\includes\common-script.html", "HTML", 0, 61, 0, 0, 0, 0, 0, 1, 15, 77
"d:\repo\Phoenix11\templates\phoenix\includes\footer.html", "HTML", 0, 0, 0, 0, 0, 0, 0, 0, 1, 1
"d:\repo\Phoenix11\templates\phoenix\includes\head-farsi-font.html", "HTML", 0, 6, 0, 0, 0, 0, 0, 0, 1, 7
"d:\repo\Phoenix11\templates\phoenix\includes\head-google.html", "HTML", 0, 21, 0, 0, 0, 0, 0, 0, 2, 23
"d:\repo\Phoenix11\templates\phoenix\includes\head.html", "HTML", 0, 23, 0, 0, 0, 0, 0, 0, 11, 34
"d:\repo\Phoenix11\templates\phoenix\includes\navbar.html", "HTML", 0, 55, 0, 0, 0, 0, 0, 2, 18, 75
"d:\repo\Phoenix11\templates\phoenix\includes\pusher-script.html", "HTML", 0, 35, 0, 0, 0, 0, 0, 2, 18, 55
"d:\repo\Phoenix11\templates\phoenix\includes\utility-script.html", "HTML", 0, 1, 0, 0, 0, 0, 0, 0, 0, 1
"d:\repo\Phoenix11\templates\phoenix\layout.html", "HTML", 0, 31, 0, 0, 0, 0, 0, 0, 14, 45
"d:\repo\Phoenix11\templates\phoenix\print-layout.html", "HTML", 0, 21, 0, 0, 0, 0, 0, 0, 15, 36
"d:\repo\Phoenix11\templates\phoenix\wide-layout.html", "HTML", 0, 31, 0, 0, 0, 0, 0, 0, 14, 45
"d:\repo\Phoenix11\transport\__init__.py", "Python", 0, 0, 0, 0, 0, 0, 0, 0, 1, 1
"d:\repo\Phoenix11\transport\admin.py", "Python", 5, 0, 0, 0, 0, 0, 0, 0, 0, 5
"d:\repo\Phoenix11\transport\apis.py", "Python", 49, 0, 0, 0, 0, 0, 0, 0, 11, 60
"d:\repo\Phoenix11\transport\apps.py", "Python", 5, 0, 0, 0, 0, 0, 0, 0, 3, 8
"d:\repo\Phoenix11\transport\enums.py", "Python", 71, 0, 0, 0, 0, 0, 0, 0, 14, 85
"d:\repo\Phoenix11\transport\forms.py", "Python", 9, 0, 0, 0, 0, 0, 0, 0, 5, 14
"d:\repo\Phoenix11\transport\migrations\0001_initial.py", "Python", 57, 0, 0, 0, 0, 0, 0, 1, 7, 65
"d:\repo\Phoenix11\transport\migrations\__init__.py", "Python", 0, 0, 0, 0, 0, 0, 0, 0, 1, 1
"d:\repo\Phoenix11\transport\models.py", "Python", 94, 0, 0, 0, 0, 0, 0, 0, 19, 113
"d:\repo\Phoenix11\transport\repo.py", "Python", 109, 0, 0, 0, 0, 0, 0, 0, 22, 131
"d:\repo\Phoenix11\transport\serializers.py", "Python", 10, 0, 0, 0, 0, 0, 0, 0, 5, 15
"d:\repo\Phoenix11\transport\templates\transport\includes\add-vehicle-app\script.html", "HTML", 0, 44, 0, 0, 0, 0, 0, 0, 5, 49
"d:\repo\Phoenix11\transport\templates\transport\includes\add-vehicle-app\template.html", "HTML", 0, 81, 0, 0, 0, 0, 0, 0, 8, 89
"d:\repo\Phoenix11\transport\templates\transport\includes\navbar.html", "HTML", 0, 0, 0, 0, 0, 0, 0, 0, 1, 1
"d:\repo\Phoenix11\transport\templates\transport\includes\vehicles-app\script.html", "HTML", 0, 14, 0, 0, 0, 0, 0, 0, 1, 15
"d:\repo\Phoenix11\transport\templates\transport\includes\vehicles-app\template.html", "HTML", 0, 69, 0, 0, 0, 0, 0, 0, 6, 75
"d:\repo\Phoenix11\transport\templates\transport\index.html", "HTML", 0, 21, 0, 0, 0, 0, 0, 0, 9, 30
"d:\repo\Phoenix11\transport\templates\transport\layout.html", "HTML", 0, 1, 0, 0, 0, 0, 0, 0, 0, 1
"d:\repo\Phoenix11\transport\templates\transport\maintenance-invoice.html", "HTML", 0, 55, 0, 0, 0, 0, 0, 0, 22, 77
"d:\repo\Phoenix11\transport\templates\transport\maintenance-invoices.html", "HTML", 0, 21, 0, 0, 0, 0, 0, 0, 11, 32
"d:\repo\Phoenix11\transport\templates\transport\vehicle.html", "HTML", 0, 36, 0, 0, 0, 0, 0, 0, 24, 60
"d:\repo\Phoenix11\transport\templates\transport\vehicles.html", "HTML", 0, 20, 0, 0, 0, 0, 0, 0, 7, 27
"d:\repo\Phoenix11\transport\tests.py", "Python", 1, 0, 0, 0, 0, 0, 0, 1, 5, 7
"d:\repo\Phoenix11\transport\urls.py", "Python", 15, 0, 0, 0, 0, 0, 0, 0, 7, 22
"d:\repo\Phoenix11\transport\views.py", "Python", 73, 0, 0, 0, 0, 0, 0, 1, 26, 100
"d:\repo\Phoenix11\utility\__init__.py", "Python", 0, 0, 0, 0, 0, 0, 0, 0, 1, 1
"d:\repo\Phoenix11\utility\admin.py", "Python", 4, 0, 0, 0, 0, 0, 0, 0, 0, 4
"d:\repo\Phoenix11\utility\apis.py", "Python", 50, 0, 0, 0, 0, 0, 0, 0, 7, 57
"d:\repo\Phoenix11\utility\apps.py", "Python", 5, 0, 0, 0, 0, 0, 0, 0, 3, 8
"d:\repo\Phoenix11\utility\calendar.py", "Python", 148, 0, 0, 0, 0, 0, 0, 12, 37, 197
"d:\repo\Phoenix11\utility\compress.py", "Python", 20, 0, 0, 0, 0, 0, 0, 0, 1, 21
"d:\repo\Phoenix11\utility\constants.py", "Python", 4, 0, 0, 0, 0, 0, 0, 0, 0, 4
"d:\repo\Phoenix11\utility\currency.py", "Python", 23, 0, 0, 0, 0, 0, 0, 20, 2, 45
"d:\repo\Phoenix11\utility\encryption.py", "Python", 45, 0, 0, 0, 0, 0, 0, 6, 14, 65
"d:\repo\Phoenix11\utility\enums.py", "Python", 249, 0, 0, 0, 0, 0, 0, 0, 25, 274
"d:\repo\Phoenix11\utility\excel.py", "Python", 135, 0, 0, 0, 0, 0, 0, 43, 30, 208
"d:\repo\Phoenix11\utility\forms.py", "Python", 15, 0, 0, 0, 0, 0, 0, 0, 5, 20
"d:\repo\Phoenix11\utility\log.py", "Python", 14, 0, 0, 0, 0, 0, 0, 0, 0, 14
"d:\repo\Phoenix11\utility\migrations\0001_initial.py", "Python", 35, 0, 0, 0, 0, 0, 0, 1, 7, 43
"d:\repo\Phoenix11\utility\migrations\__init__.py", "Python", 0, 0, 0, 0, 0, 0, 0, 0, 1, 1
"d:\repo\Phoenix11\utility\models.py", "Python", 116, 0, 0, 0, 0, 0, 0, 94, 26, 236
"d:\repo\Phoenix11\utility\num.py", "Python", 119, 0, 0, 0, 0, 0, 0, 0, 16, 135
"d:\repo\Phoenix11\utility\qrcode.py", "Python", 25, 0, 0, 0, 0, 0, 0, 3, 4, 32
"d:\repo\Phoenix11\utility\repo.py", "Python", 133, 0, 0, 0, 0, 0, 0, 4, 32, 169
"d:\repo\Phoenix11\utility\serializers.py", "Python", 6, 0, 0, 0, 0, 0, 0, 1, 6, 13
"d:\repo\Phoenix11\utility\share.py", "Python", 4, 0, 0, 0, 0, 0, 0, 0, 0, 4
"d:\repo\Phoenix11\utility\static\utility\js\message.js", "JavaScript", 0, 0, 16, 0, 0, 0, 0, 2, 0, 18
"d:\repo\Phoenix11\utility\static\utility\js\num2persian.min.js", "JavaScript", 0, 0, 1, 0, 0, 0, 0, 11, 1, 13
"d:\repo\Phoenix11\utility\static\utility\js\utility.js", "JavaScript", 0, 0, 31, 0, 0, 0, 0, 0, 7, 38
"d:\repo\Phoenix11\utility\templates\utility\includes\message.html", "HTML", 0, 12, 0, 0, 0, 0, 0, 0, 0, 12
"d:\repo\Phoenix11\utility\templates\utility\includes\navbar.html", "HTML", 0, 0, 0, 0, 0, 0, 0, 0, 1, 1
"d:\repo\Phoenix11\utility\templates\utility\includes\parameter-app\component.html", "HTML", 0, 25, 0, 0, 0, 0, 0, 0, 1, 26
"d:\repo\Phoenix11\utility\templates\utility\index.html", "HTML", 0, 32, 0, 0, 0, 0, 0, 0, 2, 34
"d:\repo\Phoenix11\utility\templates\utility\layout.html", "HTML", 0, 1, 0, 0, 0, 0, 0, 0, 0, 1
"d:\repo\Phoenix11\utility\templates\utility\message.html", "HTML", 0, 34, 0, 0, 0, 0, 0, 0, 5, 39
"d:\repo\Phoenix11\utility\templates\utility\parameters.html", "HTML", 0, 146, 0, 0, 0, 0, 0, 0, 17, 163
"d:\repo\Phoenix11\utility\templates\utility\settings.html", "HTML", 0, 89, 0, 0, 0, 0, 0, 0, 32, 121
"d:\repo\Phoenix11\utility\templatetags\float_to_int.py", "Python", 8, 0, 0, 0, 0, 0, 0, 0, 4, 12
"d:\repo\Phoenix11\utility\templatetags\to_absolute_link.py", "Python", 15, 0, 0, 0, 0, 0, 0, 0, 0, 15
"d:\repo\Phoenix11\utility\templatetags\to_amount_color.py", "Python", 14, 0, 0, 0, 0, 0, 0, 0, 2, 16
"d:\repo\Phoenix11\utility\templatetags\to_edit.py", "Python", 15, 0, 0, 0, 0, 0, 0, 6, 0, 21
"d:\repo\Phoenix11\utility\templatetags\to_json.py", "Python", 0, 0, 0, 0, 0, 0, 0, 34, 15, 49
"d:\repo\Phoenix11\utility\templatetags\to_normal_number.py", "Python", 9, 0, 0, 0, 0, 0, 0, 2, 2, 13
"d:\repo\Phoenix11\utility\templatetags\to_persian_date.py", "Python", 47, 0, 0, 0, 0, 0, 0, 1, 11, 59
"d:\repo\Phoenix11\utility\templatetags\to_price.py", "Python", 121, 0, 0, 0, 0, 0, 0, 43, 3, 167
"d:\repo\Phoenix11\utility\templatetags\to_transaction_side.py", "Python", 10, 0, 0, 0, 0, 0, 0, 0, 1, 11
"d:\repo\Phoenix11\utility\tests.py", "Python", 1, 0, 0, 0, 0, 0, 0, 1, 2, 4
"d:\repo\Phoenix11\utility\urls.py", "Python", 15, 0, 0, 0, 0, 0, 0, 0, 4, 19
"d:\repo\Phoenix11\utility\utils.py", "Python", 11, 0, 0, 0, 0, 0, 0, 0, 1, 12
"d:\repo\Phoenix11\utility\views.py", "Python", 135, 0, 0, 0, 0, 0, 0, 16, 43, 194
"d:\repo\Phoenix11\warehouse\__init__.py", "Python", 0, 0, 0, 0, 0, 0, 0, 0, 1, 1
"d:\repo\Phoenix11\warehouse\admin.py", "Python", 6, 0, 0, 0, 0, 0, 0, 0, 1, 7
"d:\repo\Phoenix11\warehouse\apis.py", "Python", 29, 0, 0, 0, 0, 0, 0, 0, 5, 34
"d:\repo\Phoenix11\warehouse\apps.py", "Python", 5, 0, 0, 0, 0, 0, 0, 0, 2, 7
"d:\repo\Phoenix11\warehouse\enums.py", "Python", 6, 0, 0, 0, 0, 0, 0, 0, 1, 7
"d:\repo\Phoenix11\warehouse\forms.py", "Python", 5, 0, 0, 0, 0, 0, 0, 0, 2, 7
"d:\repo\Phoenix11\warehouse\migrations\0001_initial.py", "Python", 78, 0, 0, 0, 0, 0, 0, 1, 7, 86
"d:\repo\Phoenix11\warehouse\migrations\0002_alter_materialport_unit_name_and_more.py", "Python", 17, 0, 0, 0, 0, 0, 0, 1, 6, 24
"d:\repo\Phoenix11\warehouse\migrations\0003_alter_materialport_unit_name_and_more.py", "Python", 17, 0, 0, 0, 0, 0, 0, 1, 6, 24
"d:\repo\Phoenix11\warehouse\migrations\__init__.py", "Python", 0, 0, 0, 0, 0, 0, 0, 0, 1, 1
"d:\repo\Phoenix11\warehouse\models.py", "Python", 77, 0, 0, 0, 0, 0, 0, 0, 21, 98
"d:\repo\Phoenix11\warehouse\repo.py", "Python", 54, 0, 0, 0, 0, 0, 0, 0, 8, 62
"d:\repo\Phoenix11\warehouse\serializers.py", "Python", 10, 0, 0, 0, 0, 0, 0, 0, 3, 13
"d:\repo\Phoenix11\warehouse\templates\warehouse\courses.html", "HTML", 0, 20, 0, 0, 0, 0, 0, 0, 7, 27
"d:\repo\Phoenix11\warehouse\templates\warehouse\includes\add-warehouse-app\script.html", "HTML", 0, 76, 0, 0, 0, 0, 0, 0, 6, 82
"d:\repo\Phoenix11\warehouse\templates\warehouse\includes\add-warehouse-app\template.html", "HTML", 0, 142, 0, 0, 0, 0, 0, 0, 18, 160
"d:\repo\Phoenix11\warehouse\templates\warehouse\includes\navbar.html", "HTML", 0, 9, 0, 0, 0, 0, 0, 0, 0, 9
"d:\repo\Phoenix11\warehouse\templates\warehouse\includes\warehouses-app\script.html", "HTML", 0, 14, 0, 0, 0, 0, 0, 0, 1, 15
"d:\repo\Phoenix11\warehouse\templates\warehouse\includes\warehouses-app\template.html", "HTML", 0, 91, 0, 0, 0, 0, 0, 0, 28, 119
"d:\repo\Phoenix11\warehouse\templates\warehouse\index.html", "HTML", 0, 24, 0, 0, 0, 0, 0, 0, 5, 29
"d:\repo\Phoenix11\warehouse\templates\warehouse\layout.html", "HTML", 0, 1, 0, 0, 0, 0, 0, 0, 0, 1
"d:\repo\Phoenix11\warehouse\templates\warehouse\warehouse.html", "HTML", 0, 15, 0, 0, 0, 0, 0, 0, 7, 22
"d:\repo\Phoenix11\warehouse\templates\warehouse\warehouses.html", "HTML", 0, 20, 0, 0, 0, 0, 0, 0, 7, 27
"d:\repo\Phoenix11\warehouse\tests.py", "Python", 1, 0, 0, 0, 0, 0, 0, 1, 2, 4
"d:\repo\Phoenix11\warehouse\urls.py", "Python", 11, 0, 0, 0, 0, 0, 0, 0, 5, 16
"d:\repo\Phoenix11\warehouse\views.py", "Python", 56, 0, 0, 0, 0, 0, 0, 3, 16, 75
"Total", "-", 16265, 22386, 54764, 8528, 2977, 834, 10, 6666, 14251, 126681